date,Close
01/02/2012,6075.52002
01/03/2012,6166.569824
01/04/2012,6111.549805
01/05/2012,6095.990234
01/06/2012,6057.919922
01/09/2012,6017.22998
01/10/2012,6162.97998
01/11/2012,6152.339844
01/12/2012,6179.209961
01/13/2012,6143.080078
01/16/2012,6220.009766
01/17/2012,6332.930176
01/18/2012,6354.569824
01/19/2012,6416.259766
01/20/2012,6404.390137
01/23/2012,6436.620117
01/24/2012,6419.220215
01/25/2012,6421.850098
01/26/2012,6539.850098
01/27/2012,6511.97998
01/30/2012,6444.450195
01/31/2012,6458.910156
02/01/2012,6616.640137
02/02/2012,6655.629883
02/03/2012,6766.669922
02/06/2012,6764.830078
02/07/2012,6754.200195
02/08/2012,6748.759766
02/09/2012,6788.799805
02/10/2012,6692.959961
02/13/2012,6738.470215
02/14/2012,6728.189941
02/15/2012,6757.939941
02/16/2012,6751.959961
02/17/2012,6848.029785
02/20/2012,6948.25
02/21/2012,6908.180176
02/22/2012,6843.870117
02/23/2012,6809.459961
02/24/2012,6864.430176
02/27/2012,6849.600098
02/28/2012,6887.629883
02/29/2012,6856.080078
03/01/2012,6941.77002
03/02/2012,6921.370117
03/05/2012,6866.459961
03/06/2012,6633.109863
03/07/2012,6671.109863
03/08/2012,6834.540039
03/09/2012,6880.209961
03/12/2012,6901.350098
03/13/2012,6995.910156
03/14/2012,7079.419922
03/15/2012,7144.450195
03/16/2012,7157.819824
03/19/2012,7154.220215
03/20/2012,7054.939941
03/21/2012,7071.319824
03/22/2012,6981.259766
03/23/2012,6995.620117
03/26/2012,7079.22998
03/27/2012,7078.899902
03/28/2012,6998.799805
03/29/2012,6875.149902
03/30/2012,6946.830078
04/02/2012,7056.649902
04/03/2012,6982.279785
04/04/2012,6784.060059
04/05/2012,6775.259766
04/10/2012,6606.430176
04/11/2012,6674.72998
04/12/2012,6743.240234
04/13/2012,6583.899902
04/16/2012,6625.189941
04/17/2012,6801
04/18/2012,6732.029785
04/19/2012,6671.220215
04/20/2012,6750.120117
04/23/2012,6523
04/24/2012,6590.410156
04/25/2012,6704.5
04/26/2012,6739.899902
04/27/2012,6801.319824
04/30/2012,6761.189941
05/02/2012,6710.77002
05/03/2012,6694.439941
05/04/2012,6561.470215
05/07/2012,6569.47998
05/08/2012,6444.740234
05/09/2012,6475.310059
05/10/2012,6518
05/11/2012,6579.930176
05/14/2012,6451.970215
05/15/2012,6401.060059
05/16/2012,6384.259766
05/17/2012,6308.959961
05/18/2012,6271.220215
05/21/2012,6331.040039
05/22/2012,6435.600098
05/23/2012,6285.75
05/24/2012,6315.890137
05/25/2012,6339.939941
05/28/2012,6323.189941
05/29/2012,6396.839844
05/30/2012,6280.799805
05/31/2012,6264.379883
06/01/2012,6050.290039
06/04/2012,5978.22998
06/05/2012,5969.399902
06/06/2012,6093.990234
06/07/2012,6144.220215
06/08/2012,6130.819824
06/11/2012,6141.049805
06/12/2012,6161.240234
06/13/2012,6152.490234
06/14/2012,6138.609863
06/15/2012,6229.410156
06/18/2012,6248.200195
06/19/2012,6363.359863
06/20/2012,6392.129883
06/21/2012,6343.129883
06/22/2012,6263.25
06/25/2012,6132.390137
06/26/2012,6136.689941
06/27/2012,6228.990234
06/28/2012,6149.910156
06/29/2012,6416.279785
07/02/2012,6496.080078
07/03/2012,6578.209961
07/04/2012,6564.799805
07/05/2012,6535.560059
07/06/2012,6410.109863
07/09/2012,6387.569824
07/10/2012,6438.330078
07/11/2012,6453.850098
07/12/2012,6419.350098
07/13/2012,6557.100098
07/16/2012,6565.720215
07/17/2012,6577.640137
07/18/2012,6684.419922
07/19/2012,6758.390137
07/20/2012,6630.02002
07/23/2012,6419.330078
07/24/2012,6390.410156
07/25/2012,6406.52002
07/26/2012,6582.959961
07/27/2012,6689.399902
07/30/2012,6774.060059
07/31/2012,6772.259766
08/01/2012,6754.459961
08/02/2012,6606.089844
08/03/2012,6865.660156
08/06/2012,6918.720215
08/07/2012,6967.950195
08/08/2012,6966.149902
08/09/2012,6964.990234
08/10/2012,6944.560059
08/13/2012,6909.680176
08/14/2012,6974.390137
08/15/2012,6946.799805
08/16/2012,6996.290039
08/17/2012,7040.879883
08/20/2012,7033.680176
08/21/2012,7089.319824
08/22/2012,7017.75
08/23/2012,6949.569824
08/24/2012,6971.069824
08/27/2012,7047.450195
08/28/2012,7002.680176
08/29/2012,7010.569824
08/30/2012,6895.490234
08/31/2012,6970.790039
09/03/2012,7014.830078
09/04/2012,6932.580078
09/05/2012,6964.689941
09/06/2012,7167.330078
09/07/2012,7214.5
09/10/2012,7213.700195
09/11/2012,7310.109863
09/12/2012,7343.529785
09/13/2012,7310.319824
09/14/2012,7412.129883
09/17/2012,7403.689941
09/18/2012,7347.689941
09/19/2012,7390.759766
09/20/2012,7389.490234
09/21/2012,7451.620117
09/24/2012,7413.160156
09/25/2012,7425.109863
09/26/2012,7276.509766
09/27/2012,7290.02002
09/28/2012,7216.149902
10/01/2012,7326.72998
10/02/2012,7305.859863
10/04/2012,7305.209961
10/05/2012,7397.870117
10/08/2012,7291.209961
10/09/2012,7234.529785
10/10/2012,7205.22998
10/11/2012,7281.700195
10/12/2012,7232.490234
10/15/2012,7261.25
10/16/2012,7376.27002
10/17/2012,7394.549805
10/18/2012,7437.22998
10/19/2012,7380.640137
10/22/2012,7328.049805
10/23/2012,7173.689941
10/24/2012,7192.850098
10/25/2012,7200.22998
10/26/2012,7231.850098
10/29/2012,7203.160156
10/30/2012,7284.399902
10/31/2012,7260.629883
11/01/2012,7335.669922
11/02/2012,7363.850098
11/05/2012,7326.470215
11/06/2012,7377.759766
11/07/2012,7232.830078
11/08/2012,7204.959961
11/09/2012,7163.5
11/12/2012,7168.759766
11/13/2012,7169.120117
11/14/2012,7101.919922
11/15/2012,7043.419922
11/16/2012,6950.529785
11/19/2012,7123.839844
11/20/2012,7172.990234
11/21/2012,7184.709961
11/22/2012,7244.990234
11/23/2012,7309.129883
11/26/2012,7292.029785
11/27/2012,7332.330078
11/28/2012,7343.410156
11/29/2012,7400.959961
11/30/2012,7405.5
12/03/2012,7435.209961
12/04/2012,7435.120117
12/05/2012,7454.549805
12/06/2012,7534.540039
12/07/2012,7517.799805
12/10/2012,7530.919922
12/11/2012,7589.75
12/12/2012,7614.790039
12/13/2012,7581.97998
12/14/2012,7596.470215
12/17/2012,7604.939941
12/18/2012,7653.580078
12/19/2012,7668.5
12/20/2012,7672.100098
12/21/2012,7636.22998
12/27/2012,7655.879883
12/28/2012,7612.390137
01/02/2013,7778.779785
01/03/2013,7756.439941
01/04/2013,7776.370117
01/07/2013,7732.660156
01/08/2013,7695.830078
01/09/2013,7720.470215
01/10/2013,7708.470215
01/11/2013,7715.529785
01/14/2013,7729.52002
01/15/2013,7675.910156
01/16/2013,7691.129883
01/17/2013,7735.459961
01/18/2013,7702.22998
01/21/2013,7748.859863
01/22/2013,7696.209961
01/23/2013,7707.540039
01/24/2013,7748.129883
01/25/2013,7857.970215
01/28/2013,7833
01/29/2013,7848.569824
01/30/2013,7811.310059
01/31/2013,7776.049805
02/01/2013,7833.390137
02/04/2013,7638.22998
02/05/2013,7664.660156
02/06/2013,7581.180176
02/07/2013,7590.850098
02/08/2013,7652.140137
02/11/2013,7633.740234
02/12/2013,7660.189941
02/13/2013,7711.890137
02/14/2013,7631.189941
02/15/2013,7593.509766
02/18/2013,7628.72998
02/19/2013,7752.450195
02/20/2013,7728.899902
02/21/2013,7583.569824
02/22/2013,7661.910156
02/25/2013,7773.189941
02/26/2013,7597.109863
02/27/2013,7675.830078
02/28/2013,7741.700195
03/01/2013,7708.160156
03/04/2013,7691.680176
03/05/2013,7870.310059
03/06/2013,7919.330078
03/07/2013,7939.77002
03/08/2013,7986.470215
03/11/2013,7984.290039
03/12/2013,7966.120117
03/13/2013,7970.910156
03/14/2013,8058.370117
03/15/2013,8042.850098
03/18/2013,8010.700195
03/19/2013,7947.790039
03/20/2013,8001.970215
03/21/2013,7932.509766
03/22/2013,7911.350098
03/25/2013,7870.899902
03/26/2013,7879.669922
03/27/2013,7789.089844
03/28/2013,7795.310059
04/02/2013,7943.870117
04/03/2013,7874.75
04/04/2013,7817.390137
04/05/2013,7658.75
04/08/2013,7662.640137
04/09/2013,7637.509766
04/10/2013,7810.629883
04/11/2013,7871.629883
04/12/2013,7744.77002
04/15/2013,7712.629883
04/16/2013,7682.580078
04/17/2013,7503.029785
04/18/2013,7473.72998
04/19/2013,7459.959961
04/22/2013,7478.109863
04/23/2013,7658.209961
04/24/2013,7759.029785
04/25/2013,7832.859863
04/26/2013,7814.759766
04/29/2013,7873.5
04/30/2013,7913.709961
05/02/2013,7961.709961
05/03/2013,8122.290039
05/06/2013,8112.080078
05/07/2013,8181.779785
05/08/2013,8249.709961
05/09/2013,8262.549805
05/10/2013,8278.589844
05/13/2013,8279.290039
05/14/2013,8339.110352
05/15/2013,8362.419922
05/16/2013,8369.870117
05/17/2013,8398
05/20/2013,8455.830078
05/21/2013,8472.200195
05/22/2013,8530.889648
05/23/2013,8351.980469
05/24/2013,8305.320313
05/27/2013,8383.299805
05/28/2013,8480.870117
05/29/2013,8336.580078
05/30/2013,8400.200195
05/31/2013,8348.839844
06/03/2013,8285.799805
06/04/2013,8295.959961
06/05/2013,8196.179688
06/06/2013,8098.810059
06/07/2013,8254.679688
06/10/2013,8307.69043
06/11/2013,8222.459961
06/12/2013,8143.27002
06/13/2013,8095.390137
06/14/2013,8127.959961
06/17/2013,8215.730469
06/18/2013,8229.509766
06/19/2013,8197.080078
06/20/2013,7928.47998
06/21/2013,7789.240234
06/24/2013,7692.450195
06/25/2013,7811.299805
06/26/2013,7940.990234
06/27/2013,7990.75
06/28/2013,7959.220215
07/01/2013,7983.919922
07/02/2013,7910.77002
07/03/2013,7829.319824
07/04/2013,7994.310059
07/05/2013,7806
07/08/2013,7968.540039
07/09/2013,8057.75
07/10/2013,8066.47998
07/11/2013,8158.799805
07/12/2013,8212.769531
07/15/2013,8234.80957
07/16/2013,8201.049805
07/17/2013,8254.719727
07/18/2013,8337.089844
07/19/2013,8331.570313
07/22/2013,8331.05957
07/23/2013,8314.230469
07/24/2013,8379.110352
07/25/2013,8298.980469
07/26/2013,8244.910156
07/29/2013,8259.030273
07/30/2013,8271.019531
07/31/2013,8275.969727
08/01/2013,8410.730469
08/02/2013,8406.94043
08/05/2013,8398.379883
08/06/2013,8299.730469
08/07/2013,8260.480469
08/08/2013,8318.320313
08/09/2013,8338.30957
08/12/2013,8359.25
08/13/2013,8415.759766
08/14/2013,8438.120117
08/15/2013,8376.290039
08/16/2013,8391.94043
08/19/2013,8366.290039
08/20/2013,8300.030273
08/21/2013,8285.410156
08/22/2013,8397.889648
08/23/2013,8416.990234
08/26/2013,8435.150391
08/27/2013,8242.55957
08/28/2013,8157.899902
08/29/2013,8194.549805
08/30/2013,8103.149902
09/02/2013,8243.870117
09/03/2013,8180.709961
09/04/2013,8195.919922
09/05/2013,8234.980469
09/06/2013,8275.669922
09/09/2013,8276.320313
09/10/2013,8446.540039
09/11/2013,8495.730469
09/12/2013,8494
09/13/2013,8509.419922
09/16/2013,8613
09/17/2013,8596.950195
09/18/2013,8636.05957
09/19/2013,8694.179688
09/20/2013,8675.730469
09/23/2013,8635.290039
09/24/2013,8664.599609
09/25/2013,8665.629883
09/26/2013,8664.099609
09/27/2013,8661.509766
09/30/2013,8594.400391
10/01/2013,8689.139648
10/02/2013,8629.419922
10/04/2013,8622.969727
10/07/2013,8591.580078
10/08/2013,8555.889648
10/09/2013,8516.69043
10/10/2013,8685.769531
10/11/2013,8724.830078
10/14/2013,8723.80957
10/15/2013,8804.44043
10/16/2013,8846
10/17/2013,8811.980469
10/18/2013,8865.099609
10/21/2013,8867.219727
10/22/2013,8947.459961
10/23/2013,8919.860352
10/24/2013,8980.629883
10/25/2013,8985.740234
10/28/2013,8978.650391
10/29/2013,9022.040039
10/30/2013,9010.269531
10/31/2013,9033.919922
11/01/2013,9007.830078
11/04/2013,9037.230469
11/05/2013,9009.110352
11/06/2013,9040.870117
11/07/2013,9081.030273
11/08/2013,9078.280273
11/11/2013,9107.860352
11/12/2013,9076.480469
11/13/2013,9054.830078
11/14/2013,9149.660156
11/15/2013,9168.69043
11/18/2013,9225.429688
11/19/2013,9193.290039
11/20/2013,9202.070313
11/21/2013,9196.080078
11/22/2013,9219.040039
11/25/2013,9299.950195
11/26/2013,9290.070313
11/27/2013,9351.129883
11/28/2013,9387.370117
11/29/2013,9405.299805
12/02/2013,9401.959961
12/03/2013,9223.400391
12/04/2013,9140.629883
12/05/2013,9084.950195
12/06/2013,9172.410156
12/09/2013,9195.169922
12/10/2013,9114.44043
12/11/2013,9077.110352
12/12/2013,9017
12/13/2013,9006.459961
12/16/2013,9163.55957
12/17/2013,9085.120117
12/18/2013,9181.75
12/19/2013,9335.740234
12/20/2013,9400.179688
12/23/2013,9488.820313
12/27/2013,9589.389648
12/30/2013,9552.160156
01/02/2014,9400.040039
01/03/2014,9435.150391
01/06/2014,9428
01/07/2014,9506.200195
01/08/2014,9497.839844
01/09/2014,9421.610352
01/10/2014,9473.240234
01/13/2014,9510.169922
01/14/2014,9540.509766
01/15/2014,9733.80957
01/16/2014,9717.709961
01/17/2014,9742.959961
01/20/2014,9715.900391
01/21/2014,9730.120117
01/22/2014,9720.110352
01/23/2014,9631.040039
01/24/2014,9392.019531
01/27/2014,9349.219727
01/28/2014,9406.910156
01/29/2014,9336.730469
01/30/2014,9373.480469
01/31/2014,9306.480469
02/03/2014,9186.519531
02/04/2014,9127.910156
02/05/2014,9116.320313
02/06/2014,9256.580078
02/07/2014,9301.919922
02/10/2014,9289.860352
02/11/2014,9478.769531
02/12/2014,9540
02/13/2014,9596.769531
02/14/2014,9662.400391
02/17/2014,9656.759766
02/18/2014,9659.780273
02/19/2014,9660.049805
02/20/2014,9618.849609
02/21/2014,9656.950195
02/24/2014,9708.94043
02/25/2014,9699.349609
02/26/2014,9661.730469
02/27/2014,9588.330078
02/28/2014,9692.080078
03/03/2014,9358.889648
03/04/2014,9589.150391
03/05/2014,9542.019531
03/06/2014,9542.870117
03/07/2014,9350.75
03/10/2014,9265.5
03/11/2014,9307.790039
03/12/2014,9188.69043
03/13/2014,9017.790039
03/14/2014,9056.410156
03/17/2014,9180.889648
03/18/2014,9242.549805
03/19/2014,9277.049805
03/20/2014,9296.120117
03/21/2014,9342.94043
03/24/2014,9188.769531
03/25/2014,9338.400391
03/26/2014,9448.580078
03/27/2014,9451.209961
03/28/2014,9587.19043
03/31/2014,9555.910156
04/01/2014,9603.709961
04/02/2014,9623.360352
04/03/2014,9628.820313
04/04/2014,9695.769531
04/07/2014,9510.849609
04/08/2014,9490.790039
04/09/2014,9506.349609
04/10/2014,9454.540039
04/11/2014,9315.290039
04/14/2014,9339.169922
04/15/2014,9173.709961
04/16/2014,9317.820313
04/17/2014,9409.709961
04/22/2014,9600.089844
04/23/2014,9544.19043
04/24/2014,9548.679688
04/25/2014,9401.549805
04/28/2014,9446.360352
04/29/2014,9584.120117
04/30/2014,9603.230469
05/02/2014,9556.019531
05/05/2014,9529.5
05/06/2014,9467.530273
05/07/2014,9521.299805
05/08/2014,9607.400391
05/09/2014,9581.450195
05/12/2014,9702.459961
05/13/2014,9754.429688
05/14/2014,9754.389648
05/15/2014,9656.049805
05/16/2014,9629.099609
05/19/2014,9659.389648
05/20/2014,9639.080078
05/21/2014,9697.870117
05/22/2014,9720.910156
05/23/2014,9768.009766
05/26/2014,9892.820313
05/27/2014,9940.820313
05/28/2014,9939.169922
05/29/2014,9938.900391
05/30/2014,9943.269531
06/02/2014,9950.120117
06/03/2014,9919.740234
06/04/2014,9926.669922
06/05/2014,9947.830078
06/06/2014,9987.19043
06/09/2014,10008.62988
06/10/2014,10028.79981
06/11/2014,9949.80957
06/12/2014,9938.700195
06/13/2014,9912.870117
06/16/2014,9883.980469
06/17/2014,9920.320313
06/18/2014,9930.330078
06/19/2014,10004
06/20/2014,9987.240234
06/23/2014,9920.919922
06/24/2014,9938.080078
06/25/2014,9867.75
06/26/2014,9804.900391
06/27/2014,9815.169922
06/30/2014,9833.070313
07/01/2014,9902.410156
07/02/2014,9911.269531
07/03/2014,10029.42969
07/04/2014,10009.08008
07/07/2014,9906.070313
07/08/2014,9772.669922
07/09/2014,9808.200195
07/10/2014,9659.129883
07/11/2014,9666.339844
07/14/2014,9783.009766
07/15/2014,9719.410156
07/16/2014,9859.269531
07/17/2014,9753.879883
07/18/2014,9720.019531
07/21/2014,9612.049805
07/22/2014,9734.330078
07/23/2014,9753.55957
07/24/2014,9794.05957
07/25/2014,9644.009766
07/28/2014,9598.169922
07/29/2014,9653.629883
07/30/2014,9593.679688
07/31/2014,9407.480469
08/01/2014,9210.080078
08/04/2014,9154.139648
08/05/2014,9189.740234
08/06/2014,9130.040039
08/07/2014,9038.969727
08/08/2014,9009.320313
08/11/2014,9180.740234
08/12/2014,9069.469727
08/13/2014,9198.879883
08/14/2014,9225.099609
08/15/2014,9092.599609
08/18/2014,9245.330078
08/19/2014,9334.280273
08/20/2014,9314.570313
08/21/2014,9401.530273
08/22/2014,9339.169922
08/25/2014,9510.139648
08/26/2014,9588.150391
08/27/2014,9569.709961
08/28/2014,9462.55957
08/29/2014,9470.169922
09/01/2014,9479.030273
09/02/2014,9507.019531
09/03/2014,9626.490234
09/04/2014,9724.259766
09/05/2014,9747.019531
09/08/2014,9758.030273
09/09/2014,9710.700195
09/10/2014,9700.169922
09/11/2014,9691.280273
09/12/2014,9651.129883
09/15/2014,9659.629883
09/16/2014,9632.929688
09/17/2014,9661.5
09/18/2014,9798.129883
09/19/2014,9799.259766
09/22/2014,9749.540039
09/23/2014,9595.030273
09/24/2014,9661.969727
09/25/2014,9510.009766
09/26/2014,9490.549805
09/29/2014,9422.910156
09/30/2014,9474.299805
10/01/2014,9382.030273
10/02/2014,9195.679688
10/06/2014,9209.509766
10/07/2014,9086.209961
10/08/2014,8995.330078
10/09/2014,9005.019531
10/10/2014,8788.80957
10/13/2014,8812.429688
10/14/2014,8825.209961
10/15/2014,8571.950195
10/16/2014,8582.900391
10/17/2014,8850.269531
10/20/2014,8717.759766
10/21/2014,8886.959961
10/22/2014,8940.139648
10/23/2014,9047.30957
10/24/2014,8987.799805
10/27/2014,8902.610352
10/28/2014,9068.19043
10/29/2014,9082.80957
10/30/2014,9114.839844
10/31/2014,9326.870117
11/03/2014,9251.700195
11/04/2014,9166.469727
11/05/2014,9315.480469
11/06/2014,9377.410156
11/07/2014,9291.830078
11/10/2014,9351.870117
11/11/2014,9369.030273
11/12/2014,9210.959961
11/13/2014,9248.509766
11/14/2014,9252.94043
11/17/2014,9306.349609
11/18/2014,9456.530273
11/19/2014,9472.799805
11/20/2014,9483.969727
11/21/2014,9732.549805
11/24/2014,9785.540039
11/25/2014,9861.209961
11/26/2014,9915.55957
11/27/2014,9974.870117
11/28/2014,9980.849609
12/01/2014,9963.509766
12/02/2014,9934.080078
12/03/2014,9971.790039
12/04/2014,9851.349609
12/05/2014,10087.12012
12/08/2014,10014.99023
12/09/2014,9793.709961
12/10/2014,9799.730469
12/11/2014,9862.530273
12/12/2014,9594.730469
12/15/2014,9334.009766
12/16/2014,9563.889648
12/17/2014,9544.429688
12/18/2014,9811.05957
12/19/2014,9786.959961
12/22/2014,9865.759766
12/23/2014,9922.110352
12/29/2014,9927.129883
12/30/2014,9805.549805
01/02/2015,9764.730469
01/05/2015,9473.160156
01/06/2015,9469.660156
01/07/2015,9518.179688
01/08/2015,9837.610352
01/09/2015,9648.5
01/12/2015,9781.900391
01/13/2015,9941
01/14/2015,9817.080078
01/15/2015,10032.61035
01/16/2015,10167.76953
01/19/2015,10242.34961
01/20/2015,10257.12988
01/21/2015,10299.23047
01/22/2015,10435.62012
01/23/2015,10649.58008
01/26/2015,10798.33008
01/27/2015,10628.58008
01/28/2015,10710.96973
01/29/2015,10737.87012
01/30/2015,10694.32031
02/02/2015,10828.00977
02/03/2015,10890.9502
02/04/2015,10911.32031
02/05/2015,10905.41016
02/06/2015,10846.38965
02/09/2015,10663.50977
02/10/2015,10753.83008
02/11/2015,10752.11035
02/12/2015,10919.65039
02/13/2015,10963.40039
02/16/2015,10923.23047
02/17/2015,10895.62012
02/18/2015,10961
02/19/2015,11001.94043
02/20/2015,11050.63965
02/23/2015,11130.91992
02/24/2015,11205.74023
02/25/2015,11210.26953
02/26/2015,11327.19043
02/27/2015,11401.66016
03/02/2015,11410.36035
03/03/2015,11280.36035
03/04/2015,11390.37988
03/05/2015,11504.00977
03/06/2015,11550.96973
03/09/2015,11582.11035
03/10/2015,11500.37988
03/11/2015,11805.99023
03/12/2015,11799.38965
03/13/2015,11901.61035
03/16/2015,12167.71973
03/17/2015,11980.84961
03/18/2015,11922.76953
03/19/2015,11899.40039
03/20/2015,12039.37012
03/23/2015,11895.83984
03/24/2015,12005.69043
03/25/2015,11865.32031
03/26/2015,11843.67969
03/27/2015,11868.33008
03/30/2015,12086.00977
03/31/2015,11966.16992
04/01/2015,12001.37988
04/02/2015,11967.38965
04/07/2015,12123.51953
04/08/2015,12035.86035
04/09/2015,12166.44043
04/10/2015,12374.73047
04/13/2015,12338.73047
04/14/2015,12227.59961
04/15/2015,12231.33984
04/16/2015,11998.86035
04/17/2015,11688.7002
04/20/2015,11891.91016
04/21/2015,11939.58008
04/22/2015,11867.37012
04/23/2015,11723.58008
04/24/2015,11810.84961
04/27/2015,12039.16016
04/28/2015,11811.66016
04/29/2015,11432.71973
04/30/2015,11454.37988
05/04/2015,11619.84961
05/05/2015,11327.67969
05/06/2015,11350.15039
05/07/2015,11407.96973
05/08/2015,11709.73047
05/11/2015,11673.34961
05/12/2015,11472.41016
05/13/2015,11351.45996
05/14/2015,11559.82031
05/15/2015,11447.03027
05/18/2015,11594.28027
05/19/2015,11853.33008
05/20/2015,11848.46973
05/21/2015,11864.58984
05/22/2015,11815.00977
05/26/2015,11625.12988
05/27/2015,11771.12988
05/28/2015,11677.57031
05/29/2015,11413.82031
06/01/2015,11436.04981
06/02/2015,11328.79981
06/03/2015,11419.62012
06/04/2015,11340.59961
06/05/2015,11197.15039
06/08/2015,11064.91992
06/09/2015,11001.29004
06/10/2015,11265.38965
06/11/2015,11332.78027
06/12/2015,11196.49023
06/15/2015,10984.96973
06/16/2015,11044.00977
06/17/2015,10978.00977
06/18/2015,11100.29981
06/19/2015,11040.09961
06/22/2015,11460.5
06/23/2015,11542.54004
06/24/2015,11471.25977
06/25/2015,11473.12988
06/26/2015,11492.42969
06/29/2015,11083.2002
06/30/2015,10944.96973
07/01/2015,11180.5
07/02/2015,11099.34961
07/03/2015,11058.38965
07/06/2015,10890.62988
07/07/2015,10676.78027
07/08/2015,10747.29981
07/09/2015,10996.41016
07/10/2015,11315.62988
07/13/2015,11484.37988
07/14/2015,11516.90039
07/15/2015,11539.66016
07/16/2015,11716.75977
07/17/2015,11673.41992
07/20/2015,11735.71973
07/21/2015,11604.79981
07/22/2015,11520.66992
07/23/2015,11512.11035
07/24/2015,11347.4502
07/27/2015,11056.40039
07/28/2015,11173.91016
07/29/2015,11211.84961
07/30/2015,11257.15039
07/31/2015,11308.99023
08/03/2015,11443.71973
08/04/2015,11456.07031
08/05/2015,11636.29981
08/06/2015,11585.09961
08/07/2015,11490.83008
08/10/2015,11604.78027
08/11/2015,11293.65039
08/12/2015,10924.61035
08/13/2015,11014.62988
08/14/2015,10985.13965
08/17/2015,10940.33008
08/18/2015,10915.91992
08/19/2015,10682.15039
08/20/2015,10432.19043
08/21/2015,10124.51953
08/24/2015,9648.429688
08/25/2015,10128.12012
08/26/2015,9997.429688
08/27/2015,10315.62012
08/28/2015,10298.53027
08/31/2015,10259.45996
09/01/2015,10015.57031
09/02/2015,10048.04981
09/03/2015,10317.83984
09/04/2015,10038.04004
09/07/2015,10108.61035
09/08/2015,10271.36035
09/09/2015,10303.12012
09/10/2015,10210.44043
09/11/2015,10123.55957
09/14/2015,10131.74023
09/15/2015,10188.12988
09/16/2015,10227.20996
09/17/2015,10229.58008
09/18/2015,9916.160156
09/21/2015,9948.509766
09/22/2015,9570.660156
09/23/2015,9612.620117
09/24/2015,9427.639648
09/25/2015,9688.530273
09/28/2015,9483.549805
09/29/2015,9450.400391
09/30/2015,9660.44043
10/01/2015,9509.25
10/02/2015,9553.070313
10/05/2015,9814.790039
10/06/2015,9902.830078
10/07/2015,9970.400391
10/08/2015,9993.070313
10/09/2015,10096.59961
10/12/2015,10119.83008
10/13/2015,10032.82031
10/14/2015,9915.849609
10/15/2015,10064.79981
10/16/2015,10104.42969
10/19/2015,10164.30957
10/20/2015,10147.67969
10/21/2015,10238.09961
10/22/2015,10491.96973
10/23/2015,10794.54004
10/26/2015,10801.33984
10/27/2015,10692.19043
10/28/2015,10831.95996
10/29/2015,10800.83984
10/30/2015,10850.13965
11/02/2015,10950.66992
11/03/2015,10951.15039
11/04/2015,10845.24023
11/05/2015,10887.74023
11/06/2015,10988.03027
11/09/2015,10815.4502
11/10/2015,10832.51953
11/11/2015,10907.87012
11/12/2015,10782.62988
11/13/2015,10708.40039
11/16/2015,10713.23047
11/17/2015,10971.04004
11/18/2015,10959.9502
11/19/2015,11085.44043
11/20/2015,11119.83008
11/23/2015,11092.30957
11/24/2015,10933.99023
11/25/2015,11169.54004
11/26/2015,11320.76953
11/27/2015,11293.75977
11/30/2015,11382.23047
12/01/2015,11261.24023
12/02/2015,11190.01953
12/03/2015,10789.24023
12/04/2015,10752.09961
12/07/2015,10886.08984
12/08/2015,10673.59961
12/09/2015,10592.49023
12/10/2015,10598.92969
12/11/2015,10340.05957
12/14/2015,10139.33984
12/15/2015,10450.37988
12/16/2015,10469.25977
12/17/2015,10738.12012
12/18/2015,10608.19043
12/21/2015,10497.76953
12/22/2015,10488.75
12/23/2015,10727.63965
12/25/2015,null
12/28/2015,10653.91016
12/29/2015,10860.13965
12/30/2015,10743.00977
01/04/2016,10283.44043
01/05/2016,10310.09961
01/06/2016,10214.01953
01/07/2016,9979.849609
01/08/2016,9849.339844
01/11/2016,9825.070313
01/12/2016,9985.429688
01/13/2016,9960.959961
01/14/2016,9794.200195
01/15/2016,9545.269531
01/18/2016,9521.849609
01/19/2016,9664.209961
01/20/2016,9391.639648
01/21/2016,9574.160156
01/22/2016,9764.879883
01/25/2016,9736.150391
01/26/2016,9822.75
01/27/2016,9880.820313
01/28/2016,9639.589844
01/29/2016,9798.110352
02/01/2016,9757.879883
02/02/2016,9581.040039
02/03/2016,9434.820313
02/04/2016,9393.360352
02/05/2016,9286.230469
02/08/2016,8979.360352
02/09/2016,8879.400391
02/10/2016,9017.290039
02/11/2016,8752.870117
02/12/2016,8967.509766
02/15/2016,9206.839844
02/16/2016,9135.110352
02/17/2016,9377.209961
02/18/2016,9463.639648
02/19/2016,9388.049805
02/22/2016,9573.589844
02/23/2016,9416.769531
02/24/2016,9167.799805
02/25/2016,9331.480469
02/26/2016,9513.299805
02/29/2016,9495.400391
03/01/2016,9717.160156
03/02/2016,9776.620117
03/03/2016,9751.919922
03/04/2016,9824.169922
03/07/2016,9778.929688
03/08/2016,9692.820313
03/09/2016,9723.089844
03/10/2016,9498.150391
03/11/2016,9831.129883
03/14/2016,9990.259766
03/15/2016,9933.849609
03/16/2016,9983.410156
03/17/2016,9892.200195
03/18/2016,9950.799805
03/21/2016,9948.639648
03/22/2016,9990
03/23/2016,10022.92969
03/24/2016,9851.349609
03/29/2016,9887.94043
03/30/2016,10046.61035
03/31/2016,9965.509766
04/01/2016,9794.639648
04/04/2016,9822.080078
04/05/2016,9563.360352
04/06/2016,9624.509766
04/07/2016,9530.620117
04/08/2016,9622.259766
04/11/2016,9682.990234
04/12/2016,9761.469727
04/13/2016,10026.09961
04/14/2016,10093.65039
04/15/2016,10051.57031
04/18/2016,10120.30957
04/19/2016,10349.58984
04/20/2016,10421.29004
04/21/2016,10435.73047
04/22/2016,10373.49023
04/25/2016,10294.34961
04/26/2016,10259.58984
04/27/2016,10299.83008
04/28/2016,10321.15039
04/29/2016,10038.96973
05/02/2016,10123.26953
05/03/2016,9926.769531
05/04/2016,9828.25
05/05/2016,9851.860352
05/06/2016,9869.950195
05/09/2016,9980.490234
05/10/2016,10045.44043
05/11/2016,9975.320313
05/12/2016,9862.120117
05/13/2016,9952.900391
05/17/2016,9890.19043
05/18/2016,9943.230469
05/19/2016,9795.889648
05/20/2016,9916.019531
05/23/2016,9842.290039
05/24/2016,10057.30957
05/25/2016,10205.20996
05/26/2016,10272.70996
05/27/2016,10286.30957
05/30/2016,10333.23047
05/31/2016,10262.74023
06/01/2016,10204.44043
06/02/2016,10208
06/03/2016,10103.25977
06/06/2016,10121.08008
06/07/2016,10287.67969
06/08/2016,10217.03027
06/09/2016,10088.87012
06/10/2016,9834.620117
06/13/2016,9657.44043
06/14/2016,9519.200195
06/15/2016,9606.709961
06/16/2016,9550.469727
06/17/2016,9631.360352
06/20/2016,9962.019531
06/21/2016,10015.54004
06/22/2016,10071.05957
06/23/2016,10257.03027
06/24/2016,9557.160156
06/27/2016,9268.660156
06/28/2016,9447.280273
06/29/2016,9612.269531
06/30/2016,9680.089844
07/01/2016,9776.120117
07/04/2016,9709.089844
07/05/2016,9532.610352
07/06/2016,9373.259766
07/07/2016,9418.780273
07/08/2016,9629.660156
07/11/2016,9833.410156
07/12/2016,9964.070313
07/13/2016,9930.709961
07/14/2016,10068.29981
07/15/2016,10066.90039
07/18/2016,10063.12988
07/19/2016,9981.240234
07/20/2016,10142.00977
07/21/2016,10156.20996
07/22/2016,10147.45996
07/25/2016,10198.24023
07/26/2016,10247.75977
07/27/2016,10319.54981
07/28/2016,10274.92969
07/29/2016,10337.5
08/01/2016,10330.51953
08/02/2016,10144.33984
08/03/2016,10170.20996
08/04/2016,10227.86035
08/05/2016,10367.20996
08/08/2016,10432.36035
08/09/2016,10692.90039
08/10/2016,10650.88965
08/11/2016,10742.83984
08/12/2016,10713.42969
08/15/2016,10739.20996
08/16/2016,10676.65039
08/17/2016,10537.66992
08/18/2016,10603.03027
08/19/2016,10544.36035
08/22/2016,10494.34961
08/23/2016,10592.87988
08/24/2016,10622.96973
08/25/2016,10529.58984
08/26/2016,10587.76953
08/29/2016,10544.44043
08/30/2016,10657.63965
08/31/2016,10592.69043
09/01/2016,10534.30957
09/02/2016,10683.82031
09/05/2016,10672.21973
09/06/2016,10687.13965
09/07/2016,10752.98047
09/08/2016,10675.29004
09/09/2016,10573.44043
09/12/2016,10431.76953
09/13/2016,10386.59961
09/14/2016,10378.40039
09/15/2016,10431.2002
09/16/2016,10276.16992
09/19/2016,10373.87012
09/20/2016,10393.86035
09/21/2016,10436.49023
09/22/2016,10674.17969
09/23/2016,10626.96973
09/26/2016,10393.70996
09/27/2016,10361.48047
09/28/2016,10438.33984
09/29/2016,10405.54004
09/30/2016,10511.01953
10/04/2016,10619.61035
10/05/2016,10585.78027
10/06/2016,10568.79981
10/07/2016,10490.86035
10/10/2016,10624.08008
10/11/2016,10577.16016
10/12/2016,10523.07031
10/13/2016,10414.07031
10/14/2016,10580.37988
10/17/2016,10503.57031
10/18/2016,10631.54981
10/19/2016,10645.67969
10/20/2016,10701.38965
10/21/2016,10710.73047
10/24/2016,10761.16992
10/25/2016,10757.30957
10/26/2016,10709.67969
10/27/2016,10717.08008
10/28/2016,10696.19043
10/31/2016,10665.00977
11/01/2016,10526.16016
11/02/2016,10370.92969
11/03/2016,10325.87988
11/04/2016,10259.12988
11/07/2016,10456.9502
11/08/2016,10482.32031
11/09/2016,10646.00977
11/10/2016,10630.12012
11/11/2016,10667.9502
11/14/2016,10693.69043
11/15/2016,10735.13965
11/16/2016,10663.87012
11/17/2016,10685.54004
11/18/2016,10664.55957
11/21/2016,10685.12988
11/22/2016,10713.84961
11/23/2016,10662.44043
11/24/2016,10689.25977
11/25/2016,10699.26953
11/28/2016,10582.66992
11/29/2016,10620.49023
11/30/2016,10640.29981
12/01/2016,10534.04981
12/02/2016,10513.34961
12/05/2016,10684.83008
12/06/2016,10775.32031
12/07/2016,10986.69043
12/08/2016,11179.41992
12/09/2016,11203.62988
12/12/2016,11190.20996
12/13/2016,11284.65039
12/14/2016,11244.83984
12/15/2016,11366.40039
12/16/2016,11404.00977
12/19/2016,11426.7002
12/20/2016,11464.74023
12/21/2016,11468.63965
12/22/2016,11456.09961
12/23/2016,11449.92969
12/27/2016,11472.24023
12/28/2016,11474.99023
12/29/2016,11451.04981
12/30/2016,11481.05957
01/02/2017,11598.33008
01/03/2017,11584.24023
01/04/2017,11584.30957
01/05/2017,11584.94043
01/06/2017,11599.00977
01/09/2017,11563.99023
01/10/2017,11583.29981
01/11/2017,11646.16992
01/12/2017,11521.04004
01/13/2017,11629.17969
01/16/2017,11554.70996
01/17/2017,11540
01/18/2017,11599.38965
01/19/2017,11596.88965
01/20/2017,11630.12988
01/23/2017,11545.75
01/24/2017,11594.94043
01/25/2017,11806.04981
01/26/2017,11848.62988
01/27/2017,11814.26953
01/30/2017,11681.88965
01/31/2017,11535.30957
02/01/2017,11659.5
02/02/2017,11627.9502
02/03/2017,11651.49023
02/06/2017,11509.83984
02/07/2017,11549.44043
02/08/2017,11543.37988
02/09/2017,11642.86035
02/10/2017,11666.96973
02/13/2017,11774.42969
02/14/2017,11771.80957
02/15/2017,11793.92969
02/16/2017,11757.24023
02/17/2017,11757.01953
02/20/2017,11827.62012
02/21/2017,11967.49023
02/22/2017,11998.58984
02/23/2017,11947.83008
02/24/2017,11804.03027
02/27/2017,11822.66992
02/28/2017,11834.41016
03/01/2017,12067.19043
03/02/2017,12059.57031
03/03/2017,12027.36035
03/06/2017,11958.40039
03/07/2017,11966.13965
03/08/2017,11967.30957
03/09/2017,11978.38965
03/10/2017,11963.17969
03/13/2017,11990.03027
03/14/2017,11988.79004
03/15/2017,12009.87012
03/16/2017,12083.17969
03/17/2017,12095.24023
03/20/2017,12052.90039
03/21/2017,11962.12988
03/22/2017,11904.12012
03/23/2017,12039.67969
03/24/2017,12064.26953
03/27/2017,11996.07031
03/28/2017,12149.41992
03/29/2017,12203
03/30/2017,12256.42969
03/31/2017,12312.87012
04/03/2017,12257.2002
04/04/2017,12282.33984
04/05/2017,12217.54004
04/06/2017,12230.88965
04/07/2017,12225.05957
04/10/2017,12200.51953
04/11/2017,12139.34961
04/12/2017,12154.7002
04/13/2017,12109
04/18/2017,12000.44043
04/19/2017,12016.4502
04/20/2017,12027.32031
04/21/2017,12048.57031
04/24/2017,12454.98047
04/25/2017,12467.04004
04/26/2017,12472.79981
04/27/2017,12443.79004
04/28/2017,12438.00977
05/02/2017,12507.90039
05/03/2017,12527.83984
05/04/2017,12647.78027
05/05/2017,12716.88965
05/08/2017,12694.54981
05/09/2017,12749.12012
05/10/2017,12757.45996
05/11/2017,12711.05957
05/12/2017,12770.41016
05/15/2017,12807.04004
05/16/2017,12804.53027
05/17/2017,12631.61035
05/18/2017,12590.05957
05/19/2017,12638.69043
05/22/2017,12619.45996
05/23/2017,12659.15039
05/24/2017,12642.87012
05/25/2017,12621.71973
05/26/2017,12602.17969
05/29/2017,12628.9502
05/30/2017,12598.67969
05/31/2017,12615.05957
06/01/2017,12664.91992
06/02/2017,12822.94043
06/05/2017,null
06/06/2017,12690.12012
06/07/2017,12672.49023
06/08/2017,12713.58008
06/09/2017,12815.71973
06/12/2017,12690.44043
06/13/2017,12764.98047
06/14/2017,12805.9502
06/15/2017,12691.80957
06/16/2017,12752.73047
06/19/2017,12888.9502
06/20/2017,12814.79004
06/21/2017,12774.25977
06/22/2017,12794
06/23/2017,12733.41016
06/26/2017,12770.83008
06/27/2017,12671.01953
06/28/2017,12647.26953
06/29/2017,12416.19043
06/30/2017,12325.12012
07/03/2017,12475.30957
07/04/2017,12437.12988
07/05/2017,12453.67969
07/06/2017,12381.25
07/07/2017,12388.67969
07/10/2017,12445.91992
07/11/2017,12437.01953
07/12/2017,12626.58008
07/13/2017,12641.33008
07/14/2017,12631.71973
07/17/2017,12587.16016
07/18/2017,12430.38965
07/19/2017,12452.04981
07/20/2017,12447.25
07/21/2017,12240.05957
07/24/2017,12208.9502
07/25/2017,12264.30957
07/26/2017,12305.11035
07/27/2017,12212.04004
07/28/2017,12162.7002
07/31/2017,12118.25
08/01/2017,12251.29004
08/02/2017,12181.48047
08/03/2017,12154.71973
08/04/2017,12297.71973
08/07/2017,12257.16992
08/08/2017,12292.04981
08/09/2017,12154
08/10/2017,12014.29981
08/11/2017,12014.05957
08/14/2017,12165.12012
08/15/2017,12177.04004
08/16/2017,12263.86035
08/17/2017,12203.45996
08/18/2017,12165.19043
08/21/2017,12065.99023
08/22/2017,12229.33984
08/23/2017,12174.29981
08/24/2017,12180.83008
08/25/2017,12167.94043
08/28/2017,12123.46973
08/29/2017,11945.87988
08/30/2017,12002.46973
08/31/2017,12055.83984
09/01/2017,12142.63965
09/04/2017,12102.20996
09/05/2017,12123.70996
09/06/2017,12214.54004
09/07/2017,12296.62988
09/08/2017,12303.98047
09/11/2017,12475.24023
09/12/2017,12524.76953
09/13/2017,12553.57031
09/14/2017,12540.4502
09/15/2017,12518.80957
09/18/2017,12559.38965
09/19/2017,12561.79004
09/20/2017,12569.16992
09/21/2017,12600.03027
09/22/2017,12592.34961
09/25/2017,12594.80957
09/26/2017,12605.2002
09/27/2017,12657.41016
09/28/2017,12704.65039
09/29/2017,12828.86035
10/02/2017,12902.65039
10/03/2017,null
10/04/2017,12970.51953
10/05/2017,12968.04981
10/06/2017,12955.94043
10/09/2017,12976.40039
10/10/2017,12949.25
10/11/2017,12970.67969
10/12/2017,12982.88965
10/13/2017,12991.87012
10/16/2017,13003.7002
10/17/2017,12995.05957
10/18/2017,13043.03027
10/19/2017,12990.09961
10/20/2017,12991.28027
10/23/2017,13003.13965
10/24/2017,13013.19043
10/25/2017,12953.41016
10/26/2017,13133.28027
10/27/2017,13217.54004
10/30/2017,13229.57031
10/31/2017,null
11/01/2017,13465.50977
11/02/2017,13440.92969
11/03/2017,13478.86035
11/06/2017,13468.79004
11/07/2017,13379.26953
11/08/2017,13382.41992
11/09/2017,13182.55957
11/10/2017,13127.46973
11/13/2017,13074.41992
11/14/2017,13033.48047
11/15/2017,12976.37012
11/16/2017,13047.21973
11/17/2017,12993.73047
11/20/2017,13058.66016
11/21/2017,13167.54004
11/22/2017,13015.04004
11/23/2017,13008.54981
11/24/2017,13059.83984
11/27/2017,13000.2002
11/28/2017,13059.53027
11/29/2017,13061.87012
11/30/2017,13023.98047
12/01/2017,12861.49023
12/04/2017,13058.54981
12/05/2017,13048.54004
12/06/2017,12998.84961
12/07/2017,13045.15039
12/08/2017,13153.7002
12/11/2017,13123.65039
12/12/2017,13183.53027
12/13/2017,13125.63965
12/14/2017,13068.08008
12/15/2017,13103.55957
12/18/2017,13312.29981
12/19/2017,13215.79004
12/20/2017,13069.16992
12/21/2017,13109.74023
12/22/2017,13072.79004
12/27/2017,13070.01953
12/28/2017,12979.94043
12/29/2017,12917.63965
01/02/2018,12871.38965
01/03/2018,12978.20996
01/04/2018,13167.88965
01/05/2018,13319.63965
01/08/2018,13367.78027
01/09/2018,13385.58984
01/10/2018,13281.33984
01/11/2018,13202.90039
01/12/2018,13245.03027
01/15/2018,13200.50977
01/16/2018,13246.33008
01/17/2018,13183.95996
01/18/2018,13281.42969
01/19/2018,13434.4502
01/22/2018,13463.69043
01/23/2018,13559.59961
01/24/2018,13414.74023
01/25/2018,13298.36035
01/26/2018,13340.16992
01/29/2018,13324.48047
01/30/2018,13197.70996
01/31/2018,13189.48047
02/01/2018,13003.90039
02/02/2018,12785.16016
02/05/2018,12687.49023
02/06/2018,12392.66016
02/07/2018,12590.42969
02/08/2018,12260.29004
02/09/2018,12107.48047
02/12/2018,12282.76953
02/13/2018,12196.5
02/14/2018,12339.16016
02/15/2018,12346.16992
02/16/2018,12451.95996
02/19/2018,12385.59961
02/20/2018,12487.90039
02/21/2018,12470.49023
02/22/2018,12461.91016
02/23/2018,12483.79004
02/26/2018,12527.04004
02/27/2018,12490.73047
02/28/2018,12435.84961
03/01/2018,12190.94043
03/02/2018,11913.70996
03/05/2018,12090.87012
03/06/2018,12113.87012
03/07/2018,12245.36035
03/08/2018,12355.57031
03/09/2018,12346.67969
03/12/2018,12418.38965
03/13/2018,12221.03027
03/14/2018,12237.74023
03/15/2018,12345.55957
03/16/2018,12389.58008
03/19/2018,12217.01953
03/20/2018,12307.33008
03/21/2018,12309.15039
03/22/2018,12100.08008
03/23/2018,11886.30957
03/26/2018,11787.25977
03/27/2018,11970.83008
03/28/2018,11940.70996
03/29/2018,12096.73047
04/03/2018,12002.4502
04/04/2018,11957.90039
04/05/2018,12305.19043
04/06/2018,12241.26953
04/09/2018,12261.75
04/10/2018,12397.32031
04/11/2018,12293.96973
04/12/2018,12415.00977
04/13/2018,12442.40039
04/16/2018,12391.41016
04/17/2018,12585.57031
04/18/2018,12590.83008
04/19/2018,12567.41992
04/20/2018,12540.5
04/23/2018,12572.38965
04/24/2018,12550.82031
04/25/2018,12422.29981
04/26/2018,12500.46973
04/27/2018,12580.87012
04/30/2018,12612.11035
05/02/2018,12802.25
05/03/2018,12690.15039
05/04/2018,12819.59961
05/07/2018,12948.13965
05/08/2018,12912.20996
05/09/2018,12943.05957
05/10/2018,13022.87012
05/11/2018,13001.24023
05/14/2018,12977.70996
05/15/2018,12970.04004
05/16/2018,12996.33008
05/17/2018,13114.61035
05/18/2018,13077.71973
05/21/2018,null
05/22/2018,13169.91992
05/23/2018,12976.83984
05/24/2018,12855.08984
05/25/2018,12938.00977
05/28/2018,12863.45996
05/29/2018,12666.50977
05/30/2018,12783.75977
05/31/2018,12604.88965
06/01/2018,12724.26953
06/04/2018,12770.75
06/05/2018,12787.12988
06/06/2018,12830.07031
06/07/2018,12811.04981
06/08/2018,12766.54981
06/11/2018,12842.91016
06/12/2018,12842.29981
06/13/2018,12890.58008
06/14/2018,13107.09961
06/15/2018,13010.54981
06/18/2018,12834.11035
06/19/2018,12677.96973
06/20/2018,12695.16016
06/21/2018,12511.91016
06/22/2018,12579.71973
06/25/2018,12270.33008
06/26/2018,12234.33984
06/27/2018,12348.61035
06/28/2018,12177.23047
06/29/2018,12306
07/02/2018,12238.16992
07/03/2018,12349.13965
07/04/2018,12317.61035
07/05/2018,12464.29004
07/06/2018,12496.16992
07/09/2018,12543.88965
07/10/2018,12609.84961
07/11/2018,12417.12988
07/12/2018,12492.96973
07/13/2018,12540.73047
07/16/2018,12561.01953
07/17/2018,12661.54004
07/18/2018,12765.94043
07/19/2018,12686.29004
07/20/2018,12561.41992
07/23/2018,12548.57031
07/24/2018,12689.38965
07/25/2018,12579.33008
07/26/2018,12809.23047
07/27/2018,12860.40039
07/30/2018,12798.2002
07/31/2018,12805.5
08/01/2018,12737.04981
08/02/2018,12546.33008
08/03/2018,12615.75977
08/06/2018,12598.20996
08/07/2018,12648.19043
08/08/2018,12633.54004
08/09/2018,12676.11035
08/10/2018,12424.34961
08/13/2018,12358.74023
08/14/2018,12358.87012
08/15/2018,12163.00977
08/16/2018,12237.16992
08/17/2018,12210.54981
08/20/2018,12331.29981
08/21/2018,12384.49023
08/22/2018,12385.7002
08/23/2018,12365.58008
08/24/2018,12394.51953
08/27/2018,12538.30957
08/28/2018,12527.41992
08/29/2018,12561.67969
08/30/2018,12494.24023
08/31/2018,12364.05957
09/03/2018,12346.41016
09/04/2018,12210.20996
09/05/2018,12040.45996
09/06/2018,11955.25
09/07/2018,11959.62988
09/10/2018,11986.33984
09/11/2018,11970.26953
09/12/2018,12032.29981
09/13/2018,12055.54981
09/14/2018,12124.33008
09/17/2018,12096.41016
09/18/2018,12157.66992
09/19/2018,12219.01953
09/20/2018,12326.48047
09/21/2018,12430.87988
09/24/2018,12350.82031
09/25/2018,12374.66016
09/26/2018,12385.88965
09/27/2018,12435.58984
09/28/2018,12246.73047
10/01/2018,12339.03027
10/02/2018,12287.58008
10/04/2018,12244.13965
10/05/2018,12111.90039
10/08/2018,11947.16016
10/09/2018,11977.21973
10/10/2018,11712.5
10/11/2018,11539.34961
10/12/2018,11523.80957
10/15/2018,11614.16016
10/16/2018,11776.54981
10/17/2018,11715.03027
10/18/2018,11589.20996
10/19/2018,11553.83008
10/22/2018,11524.33984
10/23/2018,11274.28027
10/24/2018,11191.62988
10/25/2018,11307.12012
10/26/2018,11200.62012
10/29/2018,11335.48047
10/30/2018,11287.38965
10/31/2018,11447.50977
11/01/2018,11468.54004
11/02/2018,11518.99023
11/05/2018,11494.95996
11/06/2018,11484.33984
11/07/2018,11579.09961
11/08/2018,11527.32031
11/09/2018,11529.16016
11/12/2018,11325.44043
11/13/2018,11472.21973
11/14/2018,11412.53027
11/15/2018,11353.66992
11/16/2018,11341
11/19/2018,11244.54004
11/20/2018,11066.41016
11/21/2018,11244.16992
11/22/2018,11138.49023
11/23/2018,11192.69043
11/26/2018,11354.71973
11/27/2018,11309.11035
11/28/2018,11298.87988
11/29/2018,11298.23047
11/30/2018,11257.24023
12/03/2018,11465.45996
12/04/2018,11335.32031
12/05/2018,11200.24023
12/06/2018,10810.98047
12/07/2018,10788.08984
12/10/2018,10622.07031
12/11/2018,10780.50977
12/12/2018,10929.42969
12/13/2018,10924.7002
12/14/2018,10865.76953
12/17/2018,10772.2002
12/18/2018,10740.88965
12/19/2018,10766.20996
12/20/2018,10611.09961
12/21/2018,10633.82031
12/27/2018,10381.50977
12/28/2018,10558.95996
01/02/2019,10580.19043
01/03/2019,10416.66016
01/04/2019,10767.69043
01/07/2019,10747.80957
01/08/2019,10803.98047
01/09/2019,10893.32031
01/10/2019,10921.58984
01/11/2019,10887.45996
01/14/2019,10855.91016
01/15/2019,10891.79004
01/16/2019,10931.24023
01/17/2019,10918.62012
01/18/2019,11205.54004
01/21/2019,11136.2002
01/22/2019,11090.11035
01/23/2019,11071.54004
01/24/2019,11130.17969
01/25/2019,11281.79004
01/28/2019,11210.30957
01/29/2019,11218.83008
01/30/2019,11181.66016
01/31/2019,11173.09961
02/01/2019,11180.66016
02/04/2019,11176.58008
02/05/2019,11367.98047
02/06/2019,11324.71973
02/07/2019,11022.01953
02/08/2019,10906.78027
02/11/2019,11014.58984
02/12/2019,11126.08008
02/13/2019,11167.21973
02/14/2019,11089.79004
02/15/2019,11299.79981
02/18/2019,11299.2002
02/19/2019,11309.20996
02/20/2019,11401.96973
02/21/2019,11423.28027
02/22/2019,11457.7002
02/25/2019,11505.38965
02/26/2019,11540.79004
02/27/2019,11487.33008
02/28/2019,11515.63965
03/01/2019,11601.67969
03/04/2019,11592.66016
03/05/2019,11620.74023
03/06/2019,11587.62988
03/07/2019,11517.79981
03/08/2019,11457.83984
03/11/2019,11543.48047
03/12/2019,11524.16992
03/13/2019,11572.41016
03/14/2019,11587.46973
03/15/2019,11685.69043
03/18/2019,11657.05957
03/19/2019,11788.41016
03/20/2019,11603.88965
03/21/2019,11549.95996
03/22/2019,11364.16992
03/25/2019,11346.65039
03/26/2019,11419.48047
03/27/2019,11419.04004
03/28/2019,11428.16016
03/29/2019,11526.04004
04/01/2019,11681.99023
04/02/2019,11754.79004
04/03/2019,11954.40039
04/04/2019,11988.00977
04/05/2019,12009.75
04/08/2019,11963.40039
04/09/2019,11850.57031
04/10/2019,11905.91016
04/11/2019,11935.2002
04/12/2019,11999.92969
04/15/2019,12020.28027
04/16/2019,12101.32031
04/17/2019,12153.07031
04/18/2019,12222.38965
04/23/2019,12235.50977
04/24/2019,12313.16016
04/25/2019,12282.59961
04/26/2019,12315.17969
04/29/2019,12328.01953
04/30/2019,12344.08008
05/02/2019,12345.41992
05/03/2019,12412.75
05/06/2019,12286.87988
05/07/2019,12092.74023
05/08/2019,12179.92969
05/09/2019,11973.91992
05/10/2019,12059.83008
05/13/2019,11876.65039
05/14/2019,11991.62012
05/15/2019,12099.57031
05/16/2019,12310.37012
05/17/2019,12238.94043
05/20/2019,12041.29004
05/21/2019,12143.46973
05/22/2019,12168.74023
05/23/2019,11952.41016
05/24/2019,12011.04004
05/27/2019,12071.17969
05/28/2019,12027.04981
05/29/2019,11837.80957
05/30/2019,11902.08008
05/31/2019,11726.83984
06/03/2019,11792.80957
06/04/2019,11971.16992
06/05/2019,11980.80957
06/06/2019,11953.13965
06/07/2019,12045.37988
06/11/2019,12155.80957
06/12/2019,12115.67969
06/13/2019,12169.04981
06/14/2019,12096.40039
06/17/2019,12085.82031
06/18/2019,12331.75
06/19/2019,12308.53027
06/20/2019,12355.38965
06/21/2019,12339.91992
06/24/2019,12274.57031
06/25/2019,12228.44043
06/26/2019,12245.32031
06/27/2019,12271.03027
06/28/2019,12398.79981
07/01/2019,12521.37988
07/02/2019,12526.71973
07/03/2019,12616.24023
07/04/2019,12629.90039
07/05/2019,12568.53027
07/08/2019,12543.50977
07/09/2019,12436.54981
07/10/2019,12373.41016
07/11/2019,12332.12012
07/12/2019,12323.32031
07/15/2019,12387.33984
07/16/2019,12430.96973
07/17/2019,12341.03027
07/18/2019,12227.84961
07/19/2019,12260.07031
07/22/2019,12289.40039
07/23/2019,12490.74023
07/24/2019,12522.88965
07/25/2019,12362.09961
07/26/2019,12419.90039
07/29/2019,12417.46973
07/30/2019,12147.24023
07/31/2019,12189.04004
08/01/2019,12253.15039
08/02/2019,11872.44043
08/05/2019,11658.50977
08/06/2019,11567.95996
08/07/2019,11650.15039
08/08/2019,11845.41016
08/09/2019,11693.79981
08/12/2019,11679.67969
08/13/2019,11750.12988
08/14/2019,11492.66016
08/15/2019,11412.66992
08/16/2019,11562.74023
08/19/2019,11715.37012
08/20/2019,11651.17969
08/21/2019,11802.84961
08/22/2019,11747.04004
08/23/2019,11611.50977
08/26/2019,11658.04004
08/27/2019,11730.01953
08/28/2019,11701.01953
08/29/2019,11838.87988
08/30/2019,11939.28027
09/02/2019,11953.78027
09/03/2019,11910.86035
09/04/2019,12025.04004
09/05/2019,12126.78027
09/06/2019,12191.73047
09/09/2019,12226.09961
09/10/2019,12268.70996
09/11/2019,12359.07031
09/12/2019,12410.25
09/13/2019,12468.53027
09/16/2019,12380.30957
09/17/2019,12372.61035
09/18/2019,12389.62012
09/19/2019,12457.7002
09/20/2019,12468.00977
09/23/2019,12342.33008
09/24/2019,12307.15039
09/25/2019,12234.17969
09/26/2019,12288.54004
09/27/2019,12380.94043
09/30/2019,12428.08008
10/01/2019,12263.83008
10/02/2019,11925.25
10/04/2019,12012.80957
10/07/2019,12097.42969
10/08/2019,11970.2002
10/09/2019,12094.25977
10/10/2019,12164.2002
10/11/2019,12511.65039
10/14/2019,12486.55957
10/15/2019,12629.79004
10/16/2019,12670.11035
10/17/2019,12654.9502
10/18/2019,12633.59961
10/21/2019,12747.95996
10/22/2019,12754.69043
10/23/2019,12798.19043
10/24/2019,12872.09961
10/25/2019,12894.50977
10/28/2019,12941.70996
10/29/2019,12939.62012
10/30/2019,12910.23047
10/31/2019,12866.79004
11/01/2019,12961.04981
11/04/2019,13136.28027
11/05/2019,13148.5
11/06/2019,13179.88965
11/07/2019,13289.45996
11/08/2019,13228.55957
11/11/2019,13198.37012
11/12/2019,13283.50977
11/13/2019,13230.07031
11/14/2019,13180.23047
11/15/2019,13241.75
11/18/2019,13207.00977
11/19/2019,13221.12012
11/20/2019,13158.13965
11/21/2019,13137.7002
11/22/2019,13163.87988
11/25/2019,13246.4502
11/26/2019,13236.41992
11/27/2019,13287.07031
11/28/2019,13245.58008
11/29/2019,13236.37988
12/02/2019,12964.67969
12/03/2019,12989.29004
12/04/2019,13140.57031
12/05/2019,13054.79981
12/06/2019,13166.58008
12/09/2019,13105.61035
12/10/2019,13070.71973
12/11/2019,13146.74023
12/12/2019,13221.63965
12/13/2019,13282.71973
12/16/2019,13407.66016
12/17/2019,13287.83008
12/18/2019,13222.16016
12/19/2019,13211.95996
12/20/2019,13318.90039
12/23/2019,13300.98047
12/27/2019,13337.11035
12/30/2019,13249.00977
01/02/2020,13385.92969
01/03/2020,13219.13965
01/06/2020,13126.99023
01/07/2020,13226.83008
01/08/2020,13320.17969
01/09/2020,13495.05957
01/10/2020,13483.30957
01/13/2020,13451.51953
01/14/2020,13456.49023
01/15/2020,13432.29981
01/16/2020,13429.42969
01/17/2020,13526.12988
01/20/2020,13548.94043
01/21/2020,13555.87012
01/22/2020,13515.75
01/23/2020,13388.41992
01/24/2020,13576.67969
01/27/2020,13204.76953
01/28/2020,13323.69043
01/29/2020,13345
01/30/2020,13157.12012
01/31/2020,12981.96973
02/03/2020,13045.19043
02/04/2020,13281.74023
02/05/2020,13478.33008
02/06/2020,13574.82031
02/07/2020,13513.80957
02/10/2020,13494.03027
02/11/2020,13627.83984
02/12/2020,13749.78027
02/13/2020,13745.42969
02/14/2020,13744.20996
02/17/2020,13783.88965
02/18/2020,13681.19043
02/19/2020,13789
02/20/2020,13664
02/21/2020,13579.33008
02/24/2020,13035.24023
02/25/2020,12790.49023
02/26/2020,12774.87988
02/27/2020,12367.45996
02/28/2020,11890.34961
03/02/2020,11857.87012
03/03/2020,11985.38965
03/04/2020,12127.69043
03/05/2020,11944.71973
03/06/2020,11541.87012
03/09/2020,10625.01953
03/10/2020,10475.49023
03/11/2020,10438.67969
03/12/2020,9161.129883
03/13/2020,9232.080078
03/16/2020,8742.25
03/17/2020,8939.099609
03/18/2020,8441.709961
03/19/2020,8610.429688
03/20/2020,8928.950195
03/23/2020,8741.150391
03/24/2020,9700.570313
03/25/2020,9874.259766
03/26/2020,10000.95996
03/27/2020,9632.519531
03/30/2020,9815.969727
03/31/2020,9935.839844
04/01/2020,9544.75
04/02/2020,9570.820313
04/03/2020,9525.769531
04/06/2020,10075.16992
04/07/2020,10356.7002
04/08/2020,10332.88965
04/09/2020,10564.74023
04/14/2020,10696.55957
04/15/2020,10279.75977
04/16/2020,10301.54004
04/17/2020,10625.78027
04/20/2020,10675.90039
04/21/2020,10249.84961
04/22/2020,10415.03027
04/23/2020,10513.79004
04/24/2020,10336.08984
04/27/2020,10659.99023
04/28/2020,10795.62988
04/29/2020,11107.74023
04/30/2020,10861.63965
05/04/2020,10466.79981
05/05/2020,10729.45996
05/06/2020,10606.2002
05/07/2020,10759.26953
05/08/2020,10904.48047
05/11/2020,10824.99023
05/12/2020,10819.5
05/13/2020,10542.66016
05/14/2020,10337.01953
05/15/2020,10465.16992
05/18/2020,11058.87012
05/19/2020,11075.29004
05/20/2020,11223.70996
05/21/2020,11065.92969
05/22/2020,11073.87012
05/25/2020,11391.28027
05/26/2020,11504.65039
05/27/2020,11657.69043
05/28/2020,11781.12988
05/29/2020,11586.84961
06/02/2020,12021.28027
06/03/2020,12487.36035
06/04/2020,12430.55957
06/05/2020,12847.67969
06/08/2020,12819.58984
06/09/2020,12617.99023
06/10/2020,12530.16016
06/11/2020,11970.29004
06/12/2020,11949.28027
06/15/2020,11911.34961
06/16/2020,12315.66016
06/17/2020,12382.13965
06/18/2020,12281.53027
06/19/2020,12330.75977
06/22/2020,12262.96973
06/23/2020,12523.75977
06/24/2020,12093.94043
06/25/2020,12177.87012
06/26/2020,12089.38965
06/29/2020,12232.12012
06/30/2020,12310.92969
07/01/2020,12260.57031
07/02/2020,12608.45996
07/03/2020,12528.17969
07/06/2020,12733.4502
07/07/2020,12616.79981
07/08/2020,12494.80957
07/09/2020,12489.45996
07/10/2020,12633.70996
07/13/2020,12799.96973
07/14/2020,12697.36035
07/15/2020,12930.98047
07/16/2020,12874.96973
07/17/2020,12919.61035
07/20/2020,13046.91992
07/21/2020,13171.83008
07/22/2020,13104.25
07/23/2020,13103.38965
07/24/2020,12838.05957
07/27/2020,12838.66016
07/28/2020,12835.28027
07/29/2020,12822.25977
07/30/2020,12379.65039
07/31/2020,12313.36035
08/03/2020,12646.98047
08/04/2020,12600.87012
08/05/2020,12660.25
08/06/2020,12591.67969
08/07/2020,12674.87988
08/10/2020,12687.53027
08/11/2020,12946.88965
08/12/2020,13058.62988
08/13/2020,12993.70996
08/14/2020,12901.33984
08/17/2020,12920.66016
08/18/2020,12881.75977
08/19/2020,12977.33008
08/20/2020,12830
08/21/2020,12764.79981
08/24/2020,13066.54004
08/25/2020,13061.62012
08/26/2020,13190.15039
08/27/2020,13096.36035
08/28/2020,13033.2002
08/31/2020,12945.37988
09/01/2020,12974.25
09/02/2020,13243.42969
09/03/2020,13057.76953
09/04/2020,12842.66016
09/07/2020,13100.28027
09/08/2020,12968.33008
09/09/2020,13237.20996
09/10/2020,13208.88965
09/11/2020,13202.83984
09/14/2020,13193.66016
09/15/2020,13217.66992
09/16/2020,13255.37012
09/17/2020,13208.12012
09/18/2020,13116.25
09/21/2020,12542.44043
09/22/2020,12594.38965
09/23/2020,12642.96973
09/24/2020,12606.57031
09/25/2020,12469.2002
09/28/2020,12870.87012
09/29/2020,12825.82031
09/30/2020,12760.73047
10/01/2020,12730.76953
10/02/2020,12689.04004
10/05/2020,12828.30957
10/06/2020,12906.01953
10/07/2020,12928.57031
10/08/2020,13042.20996
10/09/2020,13051.23047
10/12/2020,13138.41016
10/13/2020,13018.99023
10/14/2020,13028.05957
10/15/2020,12703.75
10/16/2020,12908.99023
10/19/2020,12854.66016
10/20/2020,12736.9502
10/21/2020,12557.63965
10/22/2020,12543.05957
10/23/2020,12645.75
10/26/2020,12177.17969
10/27/2020,12063.57031
10/28/2020,11560.50977
10/29/2020,11598.07031
10/30/2020,11556.48047
11/02/2020,11788.28027
11/03/2020,12088.98047
11/04/2020,12324.21973
11/05/2020,12568.08984
11/06/2020,12480.01953
11/09/2020,13095.96973
11/10/2020,13163.11035
11/11/2020,13216.17969
11/12/2020,13052.9502
11/13/2020,13076.71973
11/16/2020,13138.61035
11/17/2020,13133.46973
11/18/2020,13201.88965
11/19/2020,13086.16016
11/20/2020,13137.25
11/23/2020,13126.96973
11/24/2020,13292.44043
11/25/2020,13289.79981
11/26/2020,13286.57031
11/27/2020,13335.67969
11/30/2020,13291.16016
12/01/2020,13382.29981
12/02/2020,13313.24023
12/03/2020,13252.86035
12/04/2020,13298.95996
12/07/2020,13271
12/08/2020,13278.49023
12/09/2020,13340.25977
12/10/2020,13295.73047
12/11/2020,13114.29981
12/14/2020,13223.16016
12/15/2020,13362.87012
12/16/2020,13565.98047
12/17/2020,13667.25
12/18/2020,13630.50977
12/21/2020,13246.29981
12/22/2020,13418.11035
12/23/2020,13587.23047
12/28/2020,13790.29004
12/29/2020,13761.37988
12/30/2020,13718.78027
01/04/2021,13726.74023
01/05/2021,13651.21973
01/06/2021,13891.96973
01/07/2021,13968.24023
01/08/2021,14049.53027
01/11/2021,13936.66016
01/12/2021,13925.05957
01/13/2021,13939.70996
01/14/2021,13988.7002
01/15/2021,13787.73047
01/18/2021,13848.34961
01/19/2021,13815.05957
01/20/2021,13921.37012
01/21/2021,13906.66992
01/22/2021,13873.96973
01/25/2021,13643.9502
01/26/2021,13870.99023
01/27/2021,13620.45996
01/28/2021,13665.92969
01/29/2021,13432.87012
02/01/2021,13622.01953
02/02/2021,13835.16016
02/03/2021,13933.62988
02/04/2021,14060.29004
02/05/2021,14056.71973
02/08/2021,14059.91016
02/09/2021,14011.79981
02/10/2021,13932.96973
02/11/2021,14040.91016
02/12/2021,14049.88965
02/15/2021,14109.48047
02/16/2021,14064.59961
02/17/2021,13909.26953
02/18/2021,13886.92969
02/19/2021,13993.23047
02/22/2021,13950.04004
02/23/2021,13864.80957
02/24/2021,13976
02/25/2021,13879.33008
02/26/2021,13786.29004
03/01/2021,14012.82031
03/02/2021,14039.79981
03/03/2021,14080.03027
03/04/2021,14056.33984
03/05/2021,13920.69043
03/08/2021,14380.91016
03/09/2021,14437.94043
03/10/2021,14540.25
03/11/2021,14569.38965
03/12/2021,14502.38965
03/15/2021,14461.41992
03/16/2021,14557.58008
03/17/2021,14596.61035
03/18/2021,14775.51953
03/19/2021,14621
03/22/2021,14657.20996
03/23/2021,14662.01953
03/24/2021,14610.38965
03/25/2021,14621.36035
03/26/2021,14748.94043
03/29/2021,14817.71973
03/30/2021,15008.61035
03/31/2021,15008.33984
04/01/2021,15107.16992
04/06/2021,15212.67969
04/07/2021,15176.36035
04/08/2021,15202.67969
04/09/2021,15234.16016
04/12/2021,15215
04/13/2021,15234.36035
04/14/2021,15209.15039
04/15/2021,15255.33008
04/16/2021,15459.75
04/19/2021,15368.38965
04/20/2021,15129.50977
04/21/2021,15195.96973
04/22/2021,15320.51953
04/23/2021,15279.62012
04/26/2021,15296.33984
04/27/2021,15249.26953
04/28/2021,15292.17969
04/29/2021,15154.2002
04/30/2021,15135.91016
05/03/2021,15236.46973
05/04/2021,14856.48047
05/05/2021,15170.78027
05/06/2021,15196.74023
05/07/2021,15399.65039
05/10/2021,15400.41016
05/11/2021,15119.75
05/12/2021,15150.21973
05/13/2021,15199.67969
05/14/2021,15416.63965
05/17/2021,15396.62012
05/18/2021,15386.58008
05/19/2021,15113.55957
05/20/2021,15370.25977
05/21/2021,15437.50977
05/25/2021,15465.08984
05/26/2021,15450.71973
05/27/2021,15406.73047
05/28/2021,15519.98047
05/31/2021,15421.12988
06/01/2021,15567.36035
06/02/2021,15602.70996
06/03/2021,15632.66992
06/04/2021,15692.90039
06/07/2021,15677.15039
06/08/2021,15640.59961
06/09/2021,15581.13965
06/10/2021,15571.21973
06/11/2021,15693.26953
06/14/2021,15673.63965
06/15/2021,15729.51953
06/16/2021,15710.57031
06/17/2021,15727.66992
06/18/2021,15448.04004
06/21/2021,15603.24023
06/22/2021,15636.33008
06/23/2021,15456.38965
06/24/2021,15589.23047
06/25/2021,15607.96973
06/28/2021,15554.17969
06/29/2021,15690.58984
06/30/2021,15531.04004
07/01/2021,15603.80957
07/02/2021,15650.08984
07/05/2021,15661.96973
07/06/2021,15511.37988
07/07/2021,15692.70996
07/08/2021,15420.63965
07/09/2021,15687.92969
07/12/2021,15790.50977
07/13/2021,15789.63965
07/14/2021,15788.98047
07/15/2021,15629.66016
07/16/2021,15540.30957
07/19/2021,15133.2002
07/20/2021,15216.26953
07/21/2021,15422.5
07/22/2021,15514.54004
07/23/2021,15669.29004
07/26/2021,15618.98047
07/27/2021,15519.12988
07/28/2021,15570.36035
07/29/2021,15640.46973
07/30/2021,15544.38965
08/02/2021,15568.73047
08/03/2021,15555.08008
08/04/2021,15692.12988
08/05/2021,15744.66992
08/06/2021,15761.4502
08/09/2021,15745.41016
08/10/2021,15770.70996
08/11/2021,15826.08984
08/12/2021,15937.50977
08/13/2021,15977.44043
08/16/2021,15925.73047
08/17/2021,15921.9502
08/18/2021,15965.96973
08/19/2021,15765.80957
08/20/2021,15808.04004
08/23/2021,15852.79004
08/24/2021,15905.84961
08/25/2021,15860.66016
08/26/2021,15793.62012
08/27/2021,15851.75
08/30/2021,15887.30957
08/31/2021,15835.08984
09/01/2021,15824.29004
09/02/2021,15840.58984
09/03/2021,15781.2002
09/06/2021,15932.12012
09/07/2021,15843.08984
09/08/2021,15610.28027
09/09/2021,15623.15039
09/10/2021,15609.80957
09/13/2021,15701.41992
09/14/2021,15722.99023
09/15/2021,15616
09/16/2021,15651.75
09/17/2021,15490.16992
09/20/2021,15132.05957
09/21/2021,15348.53027
09/22/2021,15506.74023
09/23/2021,15643.96973
09/24/2021,15531.75
09/27/2021,15573.87988
09/28/2021,15248.55957
09/29/2021,15365.26953
09/30/2021,15260.69043
10/01/2021,15156.44043
10/04/2021,15036.54981
10/05/2021,15194.49023
10/06/2021,14973.33008
10/07/2021,15250.86035
10/08/2021,15206.12988
10/11/2021,15199.13965
10/12/2021,15146.87012
10/13/2021,15249.37988
10/14/2021,15462.71973
10/15/2021,15587.36035
10/18/2021,15474.46973
10/19/2021,15515.83008
10/20/2021,15522.91992
10/21/2021,15472.55957
10/22/2021,15542.98047
10/25/2021,15599.23047
10/26/2021,15757.05957
10/27/2021,15705.80957
10/28/2021,15696.33008
10/29/2021,15688.76953
11/01/2021,15806.29004
11/02/2021,15954.4502
11/03/2021,15959.98047
11/04/2021,16029.65039
11/05/2021,16054.36035
11/08/2021,16046.51953
11/09/2021,16040.46973
11/10/2021,16067.83008
11/11/2021,16083.11035
11/12/2021,16094.07031
11/15/2021,16148.63965
11/16/2021,16247.86035
11/17/2021,16251.12988
11/18/2021,16221.73047
11/19/2021,16159.96973
11/22/2021,16115.69043
11/23/2021,15937
11/24/2021,15878.38965
11/25/2021,15917.98047
11/26/2021,15257.04004
11/29/2021,15280.86035
11/30/2021,15100.12988
12/01/2021,15472.66992
12/02/2021,15263.11035
12/03/2021,15169.98047
12/06/2021,15380.79004
12/07/2021,15813.94043
12/08/2021,15687.08984
12/09/2021,15639.25977
12/10/2021,15623.30957
12/13/2021,15621.71973
12/14/2021,15453.55957
12/15/2021,15476.34961
12/16/2021,15636.40039
12/17/2021,15531.69043
12/20/2021,15239.66992
12/21/2021,15447.44043
12/22/2021,15593.46973
12/23/2021,15756.30957
12/27/2021,15835.25
12/28/2021,15963.7002
12/29/2021,15852.25
12/30/2021,15884.86035
01/03/2022,16020.73047
01/04/2022,16152.61035
01/05/2022,16271.75
01/06/2022,16052.03027
01/07/2022,15947.74023
01/10/2022,15768.26953
01/11/2022,15941.80957
01/12/2022,16010.32031
01/13/2022,16031.58984
01/14/2022,15883.24023
01/17/2022,15933.71973
01/18/2022,15772.55957
01/19/2022,15809.71973
01/20/2022,15912.33008
01/21/2022,15603.87988
01/24/2022,15011.12988
01/25/2022,15123.87012
01/26/2022,15459.38965
01/27/2022,15524.26953
01/28/2022,15318.9502
01/31/2022,15471.2002
02/01/2022,15619.38965
02/02/2022,15613.76953
02/03/2022,15368.46973
02/04/2022,15099.55957
02/07/2022,15206.63965
02/08/2022,15242.37988
02/09/2022,15482.00977
02/10/2022,15490.44043
02/11/2022,15425.12012
02/14/2022,15113.96973
02/15/2022,15412.70996
02/16/2022,15396.07031
02/17/2022,15267.62988
02/18/2022,15042.50977
02/21/2022,14731.12012
02/22/2022,14693
02/23/2022,14631.36035
02/24/2022,14052.09961
02/25/2022,14567.23047
02/28/2022,14461.01953
03/01/2022,13904.84961
03/02/2022,14000.11035
03/03/2022,13698.40039
03/04/2022,13094.54004
03/07/2022,12834.65039
03/08/2022,12831.50977
03/09/2022,13847.92969
03/10/2022,13442.09961
03/11/2022,13628.11035
03/14/2022,13929.11035
03/15/2022,13917.26953
03/16/2022,14440.74023
03/17/2022,14388.05957
03/18/2022,14413.08984
03/21/2022,14326.96973
03/22/2022,14473.2002
03/23/2022,14283.65039
03/24/2022,14273.79004
03/25/2022,14305.75977
03/28/2022,14417.37012
03/29/2022,14820.33008
03/30/2022,14606.04981
03/31/2022,14414.75
04/01/2022,14446.48047
04/04/2022,14518.16016
04/05/2022,14424.36035
04/06/2022,14151.69043
04/07/2022,14078.15039
04/08/2022,14283.66992
04/11/2022,14192.78027
04/12/2022,14124.9502
04/13/2022,14076.44043
04/14/2022,14163.84961
04/19/2022,14153.45996
04/20/2022,14362.03027
04/21/2022,14502.41016
04/22/2022,14142.08984
04/25/2022,13924.16992
04/26/2022,13756.40039
04/27/2022,13793.94043
04/28/2022,13979.83984
04/29/2022,14097.87988
05/02/2022,13939.07031
05/03/2022,14039.46973
05/04/2022,13970.82031
05/05/2022,13902.51953
05/06/2022,13674.29004
05/09/2022,13380.66992
05/10/2022,13534.74023
05/11/2022,13828.63965
05/12/2022,13739.63965
05/13/2022,14027.92969
05/16/2022,13964.37988
05/17/2022,14185.94043
05/18/2022,14007.75977
05/19/2022,13882.29981
05/20/2022,13981.91016
05/23/2022,14175.40039
05/24/2022,13919.75
05/25/2022,14007.92969
05/26/2022,14231.29004
05/27/2022,14462.19043
05/30/2022,14575.98047
05/31/2022,14388.34961
06/01/2022,14340.46973
06/02/2022,14485.16992
06/03/2022,14460.08984
06/06/2022,14653.80957
06/07/2022,14556.62012
06/08/2022,14445.99023
06/09/2022,14198.79981
06/10/2022,13761.83008
06/13/2022,13427.03027
06/14/2022,13304.38965
06/15/2022,13485.29004
06/16/2022,13038.49023
06/17/2022,13126.25977
06/20/2022,13265.59961
06/21/2022,13292.40039
06/22/2022,13144.28027
06/23/2022,12912.58984
06/24/2022,13118.12988
06/27/2022,13186.07031
06/28/2022,13231.82031
06/29/2022,13003.34961
06/30/2022,12783.76953
07/01/2022,12813.03027
07/04/2022,12773.37988
07/05/2022,12401.2002
07/06/2022,12594.51953
07/07/2022,12843.21973
07/08/2022,13015.23047
07/11/2022,12832.44043
07/12/2022,12905.48047
07/13/2022,12756.32031
07/14/2022,12519.66016
07/15/2022,12864.71973
07/18/2022,12959.80957
07/19/2022,13308.41016
07/20/2022,13281.98047
07/21/2022,13246.63965
07/22/2022,13253.67969
07/25/2022,13210.32031
07/26/2022,13096.92969
07/27/2022,13166.37988
07/28/2022,13282.11035
07/29/2022,13484.04981
08/01/2022,13479.62988
08/02/2022,13449.2002
08/03/2022,13587.55957
08/04/2022,13662.67969
08/05/2022,13573.92969
08/08/2022,13687.69043
08/09/2022,13534.96973
08/10/2022,13700.92969
08/11/2022,13694.50977
08/12/2022,13795.84961
08/15/2022,13816.61035
08/16/2022,13910.12012
08/17/2022,13626.70996
08/18/2022,13697.41016
08/19/2022,13544.51953
08/22/2022,13230.57031
08/23/2022,13194.23047
08/24/2022,13220.05957
08/25/2022,13271.95996
08/26/2022,12971.46973
08/29/2022,12892.99023
08/30/2022,12961.13965
08/31/2022,12834.95996
09/01/2022,12630.23047
09/02/2022,13050.26953
09/05/2022,12760.78027
09/06/2022,12871.44043
09/07/2022,12915.96973
09/08/2022,12904.32031
09/09/2022,13088.20996
09/12/2022,13402.26953
09/13/2022,13188.9502
09/14/2022,13028
09/15/2022,12956.66016
09/16/2022,12741.25977
09/19/2022,12803.24023
09/20/2022,12670.83008
09/21/2022,12767.15039
09/22/2022,12531.62988
09/23/2022,12284.19043
09/26/2022,12227.91992
09/27/2022,12139.67969
09/28/2022,12183.28027
09/29/2022,11975.54981
09/30/2022,12114.36035
10/03/2022,12209.48047
10/04/2022,12670.48047
10/05/2022,12517.17969
10/06/2022,12470.78027
10/07/2022,12273
10/10/2022,12272.94043
10/11/2022,12220.25
10/12/2022,12172.25977
10/13/2022,12355.58008
10/14/2022,12437.80957
10/17/2022,12649.03027
10/18/2022,12765.61035
10/19/2022,12741.41016
10/20/2022,12767.41016
10/21/2022,12730.90039
10/24/2022,12931.4502
10/25/2022,13052.95996
10/26/2022,13195.80957
10/27/2022,13211.23047
10/28/2022,13243.33008
10/31/2022,13253.74023
11/01/2022,13338.74023
11/02/2022,13256.74023
11/03/2022,13130.19043
11/04/2022,13459.84961
11/07/2022,13533.51953
11/08/2022,13688.75
11/09/2022,13666.32031
11/10/2022,14146.08984
11/11/2022,14224.86035
11/14/2022,14313.29981
11/15/2022,14378.50977
11/16/2022,14234.03027
11/17/2022,14266.37988
11/18/2022,14431.86035
11/21/2022,14379.92969
11/22/2022,14422.34961
11/23/2022,14427.58984
11/24/2022,14539.55957
11/25/2022,14541.37988
11/28/2022,14383.36035
11/29/2022,14355.4502
11/30/2022,14397.04004
12/01/2022,14490.29981
12/02/2022,14529.38965
12/05/2022,14447.61035
12/06/2022,14343.19043
12/07/2022,14261.19043
12/08/2022,14264.55957
12/09/2022,14370.71973
12/12/2022,14306.62988
12/13/2022,14497.88965
12/14/2022,14460.2002
12/15/2022,13986.23047
12/16/2022,13893.07031
