Macrotrends Data Download,
,
,
,
"DISCLAIMER AND TERMS OF USE: HISTORICAL DATA IS PROVIDED ""AS IS"" AND SOLELY",
FOR INFORMATIONAL PURPOSES - NOT FOR TRADING PURPOSES OR ADVICE.,
NEITHER MACROTRENDS LLC NOR ANY OF OUR INFORMATION PROVIDERS WILL BE LIABLE,
FOR ANY DAMAGES RELATING TO YOUR USE OF THE DATA PROVIDED.,
,
,
,
"ATTRIBUTION: Proper attribution requires clear indication of the data source as ""www.macrotrends.net"".",
"A ""dofollow"" backlink to the originating page is also required if the data is displayed on a web page.",
,
,
date, value
21/12/2009,1114.05
22/12/2009,1118.02
23/12/2009,1120.59
24/12/2009,1126.48
28/12/2009,1127.78
29/12/2009,1126.2
30/12/2009,1126.42
31/12/2009,1115.1
04/01/2010,1132.99
05/01/2010,1136.52
06/01/2010,1137.14
07/01/2010,1141.69
08/01/2010,1144.98
11/01/2010,1146.98
12/01/2010,1136.22
13/01/2010,1145.68
14/01/2010,1148.46
15/01/2010,1136.03
19/01/2010,1150.23
20/01/2010,1138.04
21/01/2010,1116.48
22/01/2010,1091.76
25/01/2010,1096.78
26/01/2010,1092.17
27/01/2010,1097.5
28/01/2010,1084.53
29/01/2010,1073.87
01/02/2010,1089.19
02/02/2010,1103.32
03/02/2010,1097.28
04/02/2010,1063.11
05/02/2010,1066.19
08/02/2010,1056.74
09/02/2010,1070.52
10/02/2010,1068.13
11/02/2010,1078.47
12/02/2010,1075.51
16/02/2010,1094.87
17/02/2010,1099.51
18/02/2010,1106.75
19/02/2010,1109.17
22/02/2010,1108.01
23/02/2010,1094.6
24/02/2010,1105.24
25/02/2010,1102.94
26/02/2010,1104.49
01/03/2010,1115.71
02/03/2010,1118.31
03/03/2010,1118.79
04/03/2010,1122.97
05/03/2010,1138.7
08/03/2010,1138.5
09/03/2010,1140.45
10/03/2010,1145.61
11/03/2010,1150.24
12/03/2010,1149.99
15/03/2010,1150.51
16/03/2010,1159.46
17/03/2010,1166.21
18/03/2010,1165.83
19/03/2010,1159.9
22/03/2010,1165.81
23/03/2010,1174.17
24/03/2010,1167.72
25/03/2010,1165.73
26/03/2010,1166.59
29/03/2010,1173.22
30/03/2010,1173.27
31/03/2010,1169.43
01/04/2010,1178.1
05/04/2010,1187.44
06/04/2010,1189.44
07/04/2010,1182.45
08/04/2010,1186.44
09/04/2010,1194.37
12/04/2010,1196.48
13/04/2010,1197.3
14/04/2010,1210.65
15/04/2010,1211.67
16/04/2010,1192.13
19/04/2010,1197.52
20/04/2010,1207.17
21/04/2010,1205.94
22/04/2010,1208.67
23/04/2010,1217.28
26/04/2010,1212.05
27/04/2010,1183.71
28/04/2010,1191.36
29/04/2010,1206.78
30/04/2010,1186.69
03/05/2010,1202.26
04/05/2010,1173.6
05/05/2010,1165.87
06/05/2010,1128.15
07/05/2010,1110.88
10/05/2010,1159.73
11/05/2010,1155.79
12/05/2010,1171.67
13/05/2010,1157.44
14/05/2010,1135.68
17/05/2010,1136.94
18/05/2010,1120.8
19/05/2010,1115.05
20/05/2010,1071.59
21/05/2010,1087.69
24/05/2010,1073.65
25/05/2010,1074.03
26/05/2010,1067.95
27/05/2010,1103.06
28/05/2010,1089.41
01/06/2010,1070.71
02/06/2010,1098.38
03/06/2010,1102.83
04/06/2010,1064.88
07/06/2010,1050.47
08/06/2010,1062
09/06/2010,1055.69
10/06/2010,1086.84
11/06/2010,1091.6
14/06/2010,1089.63
15/06/2010,1115.23
16/06/2010,1114.61
17/06/2010,1116.04
18/06/2010,1117.51
21/06/2010,1113.2
22/06/2010,1095.31
23/06/2010,1092.04
24/06/2010,1073.69
25/06/2010,1076.76
28/06/2010,1074.57
29/06/2010,1041.24
30/06/2010,1030.71
01/07/2010,1027.37
02/07/2010,1022.58
06/07/2010,1028.06
07/07/2010,1060.27
08/07/2010,1070.25
09/07/2010,1077.96
12/07/2010,1078.75
13/07/2010,1095.34
14/07/2010,1095.17
15/07/2010,1096.48
16/07/2010,1064.88
19/07/2010,1071.25
20/07/2010,1083.48
21/07/2010,1069.59
22/07/2010,1093.67
23/07/2010,1102.66
26/07/2010,1115.01
27/07/2010,1113.84
28/07/2010,1106.13
29/07/2010,1101.53
30/07/2010,1101.6
02/08/2010,1125.86
03/08/2010,1120.46
04/08/2010,1127.24
05/08/2010,1125.81
06/08/2010,1121.64
09/08/2010,1127.79
10/08/2010,1121.06
11/08/2010,1089.47
12/08/2010,1083.61
13/08/2010,1079.25
16/08/2010,1079.38
17/08/2010,1092.54
18/08/2010,1094.16
19/08/2010,1075.63
20/08/2010,1071.69
23/08/2010,1067.36
24/08/2010,1051.87
25/08/2010,1055.33
26/08/2010,1047.22
27/08/2010,1064.59
30/08/2010,1048.92
31/08/2010,1049.33
01/09/2010,1080.29
02/09/2010,1090.1
03/09/2010,1104.51
07/09/2010,1091.84
08/09/2010,1098.87
09/09/2010,1104.18
10/09/2010,1109.55
13/09/2010,1121.9
14/09/2010,1121.1
15/09/2010,1125.07
16/09/2010,1124.66
17/09/2010,1125.59
20/09/2010,1142.71
21/09/2010,1139.78
22/09/2010,1134.28
23/09/2010,1124.83
24/09/2010,1148.67
27/09/2010,1142.16
28/09/2010,1147.7
29/09/2010,1144.73
30/09/2010,1141.2
01/10/2010,1146.24
04/10/2010,1137.03
05/10/2010,1160.75
06/10/2010,1159.97
07/10/2010,1158.06
08/10/2010,1165.15
11/10/2010,1165.32
12/10/2010,1169.77
13/10/2010,1178.1
14/10/2010,1173.81
15/10/2010,1176.19
18/10/2010,1184.71
19/10/2010,1165.9
20/10/2010,1178.17
21/10/2010,1180.26
22/10/2010,1183.08
25/10/2010,1185.62
26/10/2010,1185.64
27/10/2010,1182.45
28/10/2010,1183.78
29/10/2010,1183.26
01/11/2010,1184.38
02/11/2010,1193.57
03/11/2010,1197.96
04/11/2010,1221.06
05/11/2010,1225.85
08/11/2010,1223.25
09/11/2010,1213.4
10/11/2010,1218.71
11/11/2010,1213.54
12/11/2010,1199.21
15/11/2010,1197.75
16/11/2010,1178.34
17/11/2010,1178.59
18/11/2010,1196.69
19/11/2010,1199.73
22/11/2010,1197.84
23/11/2010,1180.73
24/11/2010,1198.35
26/11/2010,1189.4
29/11/2010,1187.76
30/11/2010,1180.55
01/12/2010,1206.07
02/12/2010,1221.53
03/12/2010,1224.71
06/12/2010,1223.12
07/12/2010,1223.75
08/12/2010,1228.28
09/12/2010,1233
10/12/2010,1240.4
13/12/2010,1240.46
14/12/2010,1241.59
15/12/2010,1235.23
16/12/2010,1242.87
17/12/2010,1243.91
20/12/2010,1247.08
21/12/2010,1254.6
22/12/2010,1258.84
23/12/2010,1256.77
27/12/2010,1257.54
28/12/2010,1258.51
29/12/2010,1259.78
30/12/2010,1257.88
31/12/2010,1257.64
03/01/2011,1271.87
04/01/2011,1270.2
05/01/2011,1276.56
06/01/2011,1273.85
07/01/2011,1271.5
10/01/2011,1269.75
11/01/2011,1274.48
12/01/2011,1285.96
13/01/2011,1283.76
14/01/2011,1293.24
18/01/2011,1295.02
19/01/2011,1281.92
20/01/2011,1280.26
21/01/2011,1283.35
24/01/2011,1290.84
25/01/2011,1291.18
26/01/2011,1296.63
27/01/2011,1299.54
28/01/2011,1276.34
31/01/2011,1286.12
01/02/2011,1307.59
02/02/2011,1304.03
03/02/2011,1307.1
04/02/2011,1310.87
07/02/2011,1319.05
08/02/2011,1324.57
09/02/2011,1320.88
10/02/2011,1321.87
11/02/2011,1329.15
14/02/2011,1332.32
15/02/2011,1328.01
16/02/2011,1336.32
17/02/2011,1340.43
18/02/2011,1343.01
22/02/2011,1315.44
23/02/2011,1307.4
24/02/2011,1306.1
25/02/2011,1319.88
28/02/2011,1327.22
01/03/2011,1306.33
02/03/2011,1308.44
03/03/2011,1330.97
04/03/2011,1321.15
07/03/2011,1310.13
08/03/2011,1321.82
09/03/2011,1320.02
10/03/2011,1295.11
11/03/2011,1304.28
14/03/2011,1296.39
15/03/2011,1281.87
16/03/2011,1256.88
17/03/2011,1273.72
18/03/2011,1279.21
21/03/2011,1298.38
22/03/2011,1293.77
23/03/2011,1297.54
24/03/2011,1309.66
25/03/2011,1313.8
28/03/2011,1310.19
29/03/2011,1319.44
30/03/2011,1328.26
31/03/2011,1325.83
01/04/2011,1332.41
04/04/2011,1332.87
05/04/2011,1332.63
06/04/2011,1335.54
07/04/2011,1333.51
08/04/2011,1328.17
11/04/2011,1324.46
12/04/2011,1314.16
13/04/2011,1314.41
14/04/2011,1314.52
15/04/2011,1319.68
18/04/2011,1305.14
19/04/2011,1312.62
20/04/2011,1330.36
21/04/2011,1337.38
25/04/2011,1335.25
26/04/2011,1347.24
27/04/2011,1355.66
28/04/2011,1360.48
29/04/2011,1363.61
02/05/2011,1361.22
03/05/2011,1356.62
04/05/2011,1347.32
05/05/2011,1335.1
06/05/2011,1340.2
09/05/2011,1346.29
10/05/2011,1357.16
11/05/2011,1342.08
12/05/2011,1348.65
13/05/2011,1337.77
16/05/2011,1329.47
17/05/2011,1328.98
18/05/2011,1340.68
19/05/2011,1343.6
20/05/2011,1333.27
23/05/2011,1317.37
24/05/2011,1316.28
25/05/2011,1320.47
26/05/2011,1325.69
27/05/2011,1331.1
31/05/2011,1345.2
01/06/2011,1314.55
02/06/2011,1312.94
03/06/2011,1300.16
06/06/2011,1286.17
07/06/2011,1284.94
08/06/2011,1279.56
09/06/2011,1289
10/06/2011,1270.98
13/06/2011,1271.83
14/06/2011,1287.87
15/06/2011,1265.42
16/06/2011,1267.64
17/06/2011,1271.5
20/06/2011,1278.36
21/06/2011,1295.52
22/06/2011,1287.14
23/06/2011,1283.5
24/06/2011,1268.45
27/06/2011,1280.1
28/06/2011,1296.67
29/06/2011,1307.41
30/06/2011,1320.64
01/07/2011,1339.67
05/07/2011,1337.88
06/07/2011,1339.22
07/07/2011,1353.22
08/07/2011,1343.8
11/07/2011,1319.49
12/07/2011,1313.64
13/07/2011,1317.72
14/07/2011,1308.87
15/07/2011,1316.14
18/07/2011,1305.44
19/07/2011,1326.73
20/07/2011,1325.84
21/07/2011,1343.8
22/07/2011,1345.02
25/07/2011,1337.43
26/07/2011,1331.94
27/07/2011,1304.89
28/07/2011,1300.67
29/07/2011,1292.28
01/08/2011,1286.94
02/08/2011,1254.05
03/08/2011,1260.34
04/08/2011,1200.07
05/08/2011,1199.38
08/08/2011,1119.46
09/08/2011,1172.53
10/08/2011,1120.76
11/08/2011,1172.64
12/08/2011,1178.81
15/08/2011,1204.49
16/08/2011,1192.76
17/08/2011,1193.89
18/08/2011,1140.65
19/08/2011,1123.53
22/08/2011,1123.82
23/08/2011,1162.35
24/08/2011,1177.6
25/08/2011,1159.27
26/08/2011,1176.8
29/08/2011,1210.08
30/08/2011,1212.92
31/08/2011,1218.89
01/09/2011,1204.42
02/09/2011,1173.97
06/09/2011,1165.24
07/09/2011,1198.62
08/09/2011,1185.9
09/09/2011,1154.23
12/09/2011,1162.27
13/09/2011,1172.87
14/09/2011,1188.68
15/09/2011,1209.11
16/09/2011,1216.01
19/09/2011,1204.09
20/09/2011,1202.09
21/09/2011,1166.76
22/09/2011,1129.56
23/09/2011,1136.43
26/09/2011,1162.95
27/09/2011,1175.38
28/09/2011,1151.06
29/09/2011,1160.4
30/09/2011,1131.42
03/10/2011,1099.23
04/10/2011,1123.95
05/10/2011,1144.03
06/10/2011,1164.97
07/10/2011,1155.46
10/10/2011,1194.89
11/10/2011,1195.54
12/10/2011,1207.25
13/10/2011,1203.66
14/10/2011,1224.58
17/10/2011,1200.86
18/10/2011,1225.38
19/10/2011,1209.88
20/10/2011,1215.39
21/10/2011,1238.25
24/10/2011,1254.19
25/10/2011,1229.05
26/10/2011,1242
27/10/2011,1284.59
28/10/2011,1285.09
31/10/2011,1253.3
01/11/2011,1218.28
02/11/2011,1237.9
03/11/2011,1261.15
04/11/2011,1253.23
07/11/2011,1261.12
08/11/2011,1275.92
09/11/2011,1229.1
10/11/2011,1239.7
11/11/2011,1263.85
14/11/2011,1251.78
15/11/2011,1257.81
16/11/2011,1236.91
17/11/2011,1216.13
18/11/2011,1215.65
21/11/2011,1192.98
22/11/2011,1188.04
23/11/2011,1161.79
25/11/2011,1158.67
28/11/2011,1192.55
29/11/2011,1195.19
30/11/2011,1246.96
01/12/2011,1244.58
02/12/2011,1244.28
05/12/2011,1257.08
06/12/2011,1258.47
07/12/2011,1261.01
08/12/2011,1234.35
09/12/2011,1255.19
12/12/2011,1236.47
13/12/2011,1225.73
14/12/2011,1211.82
15/12/2011,1215.75
16/12/2011,1219.66
19/12/2011,1205.35
20/12/2011,1241.3
21/12/2011,1243.72
22/12/2011,1254
23/12/2011,1265.33
27/12/2011,1265.43
28/12/2011,1249.64
29/12/2011,1263.02
30/12/2011,1257.6
03/01/2012,1277.06
04/01/2012,1277.3
05/01/2012,1281.06
06/01/2012,1277.81
09/01/2012,1280.7
10/01/2012,1292.08
11/01/2012,1292.48
12/01/2012,1295.5
13/01/2012,1289.09
17/01/2012,1293.67
18/01/2012,1308.04
19/01/2012,1314.5
20/01/2012,1315.38
23/01/2012,1316
24/01/2012,1314.65
25/01/2012,1326.06
26/01/2012,1318.43
27/01/2012,1316.33
30/01/2012,1313.01
31/01/2012,1312.41
01/02/2012,1324.09
02/02/2012,1325.54
03/02/2012,1344.9
06/02/2012,1344.33
07/02/2012,1347.05
08/02/2012,1349.96
09/02/2012,1351.95
10/02/2012,1342.64
13/02/2012,1351.77
14/02/2012,1350.5
15/02/2012,1343.23
16/02/2012,1358.04
17/02/2012,1361.23
21/02/2012,1362.21
22/02/2012,1357.66
23/02/2012,1363.46
24/02/2012,1365.74
27/02/2012,1367.59
28/02/2012,1372.18
29/02/2012,1365.68
01/03/2012,1374.09
02/03/2012,1369.63
05/03/2012,1364.33
06/03/2012,1343.36
07/03/2012,1352.63
08/03/2012,1365.91
09/03/2012,1370.87
12/03/2012,1371.09
13/03/2012,1395.95
14/03/2012,1394.28
15/03/2012,1402.6
16/03/2012,1404.17
19/03/2012,1409.75
20/03/2012,1405.52
21/03/2012,1402.89
22/03/2012,1392.78
23/03/2012,1397.11
26/03/2012,1416.51
27/03/2012,1412.52
28/03/2012,1405.54
29/03/2012,1403.28
30/03/2012,1408.47
02/04/2012,1419.04
03/04/2012,1413.38
04/04/2012,1398.96
05/04/2012,1398.08
09/04/2012,1382.2
10/04/2012,1358.59
11/04/2012,1368.71
12/04/2012,1387.57
13/04/2012,1370.26
16/04/2012,1369.57
17/04/2012,1390.78
18/04/2012,1385.14
19/04/2012,1376.92
20/04/2012,1378.53
23/04/2012,1366.94
24/04/2012,1371.97
25/04/2012,1390.69
26/04/2012,1399.98
27/04/2012,1403.36
30/04/2012,1397.91
01/05/2012,1405.82
02/05/2012,1402.31
03/05/2012,1391.57
04/05/2012,1369.1
07/05/2012,1369.58
08/05/2012,1363.72
09/05/2012,1354.58
10/05/2012,1357.99
11/05/2012,1353.39
14/05/2012,1338.35
15/05/2012,1330.66
16/05/2012,1324.8
17/05/2012,1304.86
18/05/2012,1295.22
21/05/2012,1315.99
22/05/2012,1316.63
23/05/2012,1318.86
24/05/2012,1320.68
25/05/2012,1317.82
29/05/2012,1332.42
30/05/2012,1313.32
31/05/2012,1310.33
01/06/2012,1278.04
04/06/2012,1278.18
05/06/2012,1285.5
06/06/2012,1315.13
07/06/2012,1314.99
08/06/2012,1325.66
11/06/2012,1308.93
12/06/2012,1324.18
13/06/2012,1314.88
14/06/2012,1329.1
15/06/2012,1342.84
18/06/2012,1344.78
19/06/2012,1357.98
20/06/2012,1355.69
21/06/2012,1325.51
22/06/2012,1335.02
25/06/2012,1313.72
26/06/2012,1319.99
27/06/2012,1331.85
28/06/2012,1329.04
29/06/2012,1362.16
02/07/2012,1365.51
03/07/2012,1374.02
05/07/2012,1367.58
06/07/2012,1354.68
09/07/2012,1352.46
10/07/2012,1341.47
11/07/2012,1341.45
12/07/2012,1334.76
13/07/2012,1356.78
16/07/2012,1353.64
17/07/2012,1363.67
18/07/2012,1372.78
19/07/2012,1376.51
20/07/2012,1362.66
23/07/2012,1350.52
24/07/2012,1338.31
25/07/2012,1337.89
26/07/2012,1360.02
27/07/2012,1385.97
30/07/2012,1385.3
31/07/2012,1379.32
01/08/2012,1375.32
02/08/2012,1365
03/08/2012,1390.99
06/08/2012,1394.23
07/08/2012,1401.35
08/08/2012,1402.22
09/08/2012,1402.8
10/08/2012,1405.87
13/08/2012,1404.11
14/08/2012,1403.93
15/08/2012,1405.53
16/08/2012,1415.51
17/08/2012,1418.16
20/08/2012,1418.13
21/08/2012,1413.17
22/08/2012,1413.49
23/08/2012,1402.08
24/08/2012,1411.13
27/08/2012,1410.44
28/08/2012,1409.3
29/08/2012,1410.49
30/08/2012,1399.48
31/08/2012,1406.58
04/09/2012,1404.94
05/09/2012,1403.44
06/09/2012,1432.12
07/09/2012,1437.92
10/09/2012,1429.08
11/09/2012,1433.56
12/09/2012,1436.56
13/09/2012,1459.99
14/09/2012,1465.77
17/09/2012,1461.19
18/09/2012,1459.32
19/09/2012,1461.05
20/09/2012,1460.26
21/09/2012,1460.15
24/09/2012,1456.89
25/09/2012,1441.59
26/09/2012,1433.32
27/09/2012,1447.15
28/09/2012,1440.67
01/10/2012,1444.49
02/10/2012,1445.75
03/10/2012,1450.99
04/10/2012,1461.4
05/10/2012,1460.93
08/10/2012,1455.88
09/10/2012,1441.48
10/10/2012,1432.56
11/10/2012,1432.84
12/10/2012,1428.59
15/10/2012,1440.13
16/10/2012,1454.92
17/10/2012,1460.91
18/10/2012,1457.34
19/10/2012,1433.19
22/10/2012,1433.82
23/10/2012,1413.11
24/10/2012,1408.75
25/10/2012,1412.97
26/10/2012,1411.94
29/10/2012,1411.94
30/10/2012,1411.94
31/10/2012,1412.16
01/11/2012,1427.59
02/11/2012,1414.2
05/11/2012,1417.26
06/11/2012,1428.39
07/11/2012,1394.53
08/11/2012,1377.51
09/11/2012,1379.85
12/11/2012,1380.03
13/11/2012,1374.53
14/11/2012,1355.49
15/11/2012,1353.33
16/11/2012,1359.88
19/11/2012,1386.89
20/11/2012,1387.81
21/11/2012,1391.03
23/11/2012,1409.15
26/11/2012,1406.29
27/11/2012,1398.94
28/11/2012,1409.93
29/11/2012,1415.95
30/11/2012,1416.18
03/12/2012,1409.46
04/12/2012,1407.05
05/12/2012,1409.28
06/12/2012,1413.94
07/12/2012,1418.07
10/12/2012,1418.55
11/12/2012,1427.84
12/12/2012,1428.48
13/12/2012,1419.45
14/12/2012,1413.58
17/12/2012,1430.36
18/12/2012,1446.79
19/12/2012,1435.81
20/12/2012,1443.69
21/12/2012,1430.15
24/12/2012,1426.66
26/12/2012,1419.83
27/12/2012,1418.1
28/12/2012,1402.43
31/12/2012,1426.19
02/01/2013,1462.42
03/01/2013,1459.37
04/01/2013,1466.47
07/01/2013,1461.89
08/01/2013,1457.15
09/01/2013,1461.02
10/01/2013,1472.12
11/01/2013,1472.05
14/01/2013,1470.68
15/01/2013,1472.34
16/01/2013,1472.63
17/01/2013,1480.94
18/01/2013,1485.98
22/01/2013,1492.56
23/01/2013,1494.81
24/01/2013,1494.82
25/01/2013,1502.96
28/01/2013,1500.18
29/01/2013,1507.84
30/01/2013,1501.96
31/01/2013,1498.11
01/02/2013,1513.17
04/02/2013,1495.71
05/02/2013,1511.29
06/02/2013,1512.12
07/02/2013,1509.39
08/02/2013,1517.93
11/02/2013,1517.01
12/02/2013,1519.43
13/02/2013,1520.33
14/02/2013,1521.38
15/02/2013,1519.79
19/02/2013,1530.94
20/02/2013,1511.95
21/02/2013,1502.42
22/02/2013,1515.6
25/02/2013,1487.85
26/02/2013,1496.94
27/02/2013,1515.99
28/02/2013,1514.68
01/03/2013,1518.2
04/03/2013,1525.2
05/03/2013,1539.79
06/03/2013,1541.46
07/03/2013,1544.26
08/03/2013,1551.18
11/03/2013,1556.22
12/03/2013,1552.48
13/03/2013,1554.52
14/03/2013,1563.23
15/03/2013,1560.7
18/03/2013,1552.1
19/03/2013,1548.34
20/03/2013,1558.71
21/03/2013,1545.8
22/03/2013,1556.89
25/03/2013,1551.69
26/03/2013,1563.77
27/03/2013,1562.85
28/03/2013,1569.19
01/04/2013,1562.17
02/04/2013,1570.25
03/04/2013,1553.69
04/04/2013,1559.98
05/04/2013,1553.28
08/04/2013,1563.07
09/04/2013,1568.61
10/04/2013,1587.73
11/04/2013,1593.37
12/04/2013,1588.85
15/04/2013,1552.36
16/04/2013,1574.57
17/04/2013,1552.01
18/04/2013,1541.61
19/04/2013,1555.25
22/04/2013,1562.5
23/04/2013,1578.78
24/04/2013,1578.79
25/04/2013,1585.16
26/04/2013,1582.24
29/04/2013,1593.61
30/04/2013,1597.57
01/05/2013,1582.7
02/05/2013,1597.59
03/05/2013,1614.42
06/05/2013,1617.5
07/05/2013,1625.96
08/05/2013,1632.69
09/05/2013,1626.67
10/05/2013,1633.7
13/05/2013,1633.77
14/05/2013,1650.34
15/05/2013,1658.78
16/05/2013,1650.47
17/05/2013,1667.47
20/05/2013,1666.29
21/05/2013,1669.16
22/05/2013,1655.35
23/05/2013,1650.51
24/05/2013,1649.6
28/05/2013,1660.06
29/05/2013,1648.36
30/05/2013,1654.41
31/05/2013,1630.74
03/06/2013,1640.42
04/06/2013,1631.38
05/06/2013,1608.9
06/06/2013,1622.56
07/06/2013,1643.38
10/06/2013,1642.81
11/06/2013,1626.13
12/06/2013,1612.52
13/06/2013,1636.36
14/06/2013,1626.73
17/06/2013,1639.04
18/06/2013,1651.81
19/06/2013,1628.93
20/06/2013,1588.19
21/06/2013,1592.43
24/06/2013,1573.09
25/06/2013,1588.03
26/06/2013,1603.26
27/06/2013,1613.2
28/06/2013,1606.28
01/07/2013,1614.96
02/07/2013,1614.08
03/07/2013,1615.41
05/07/2013,1631.89
08/07/2013,1640.46
09/07/2013,1652.32
10/07/2013,1652.62
11/07/2013,1675.02
12/07/2013,1680.19
15/07/2013,1682.5
16/07/2013,1676.26
17/07/2013,1680.91
18/07/2013,1689.37
19/07/2013,1692.09
22/07/2013,1695.53
23/07/2013,1692.39
24/07/2013,1685.94
25/07/2013,1690.25
26/07/2013,1691.65
29/07/2013,1685.33
30/07/2013,1685.96
31/07/2013,1685.73
01/08/2013,1706.87
02/08/2013,1709.67
05/08/2013,1707.14
06/08/2013,1697.37
07/08/2013,1690.91
08/08/2013,1697.48
09/08/2013,1691.42
12/08/2013,1689.47
13/08/2013,1694.16
14/08/2013,1685.39
15/08/2013,1661.32
16/08/2013,1655.83
19/08/2013,1646.06
20/08/2013,1652.35
21/08/2013,1642.8
22/08/2013,1656.96
23/08/2013,1663.5
26/08/2013,1656.78
27/08/2013,1630.48
28/08/2013,1634.96
29/08/2013,1638.17
30/08/2013,1632.97
03/09/2013,1639.77
04/09/2013,1653.08
05/09/2013,1655.08
06/09/2013,1655.17
09/09/2013,1671.71
10/09/2013,1683.99
11/09/2013,1689.13
12/09/2013,1683.42
13/09/2013,1687.99
16/09/2013,1697.6
17/09/2013,1704.76
18/09/2013,1725.52
19/09/2013,1722.34
20/09/2013,1709.91
23/09/2013,1701.84
24/09/2013,1697.42
25/09/2013,1692.77
26/09/2013,1698.67
27/09/2013,1691.75
30/09/2013,1681.55
01/10/2013,1695
02/10/2013,1693.87
03/10/2013,1678.66
04/10/2013,1690.5
07/10/2013,1676.12
08/10/2013,1655.45
09/10/2013,1656.4
10/10/2013,1692.56
11/10/2013,1703.2
14/10/2013,1710.14
15/10/2013,1698.06
16/10/2013,1721.54
17/10/2013,1733.15
18/10/2013,1744.5
21/10/2013,1744.66
22/10/2013,1754.67
23/10/2013,1746.38
24/10/2013,1752.07
25/10/2013,1759.77
28/10/2013,1762.11
29/10/2013,1771.95
30/10/2013,1763.31
31/10/2013,1756.54
01/11/2013,1761.64
04/11/2013,1767.93
05/11/2013,1762.97
06/11/2013,1770.49
07/11/2013,1747.15
08/11/2013,1770.61
11/11/2013,1771.89
12/11/2013,1767.69
13/11/2013,1782
14/11/2013,1790.62
15/11/2013,1798.18
18/11/2013,1791.53
19/11/2013,1787.87
20/11/2013,1781.37
21/11/2013,1795.85
22/11/2013,1804.76
25/11/2013,1802.48
26/11/2013,1802.75
27/11/2013,1807.23
29/11/2013,1805.81
02/12/2013,1800.9
03/12/2013,1795.15
04/12/2013,1792.81
05/12/2013,1785.03
06/12/2013,1805.09
09/12/2013,1808.37
10/12/2013,1802.62
11/12/2013,1782.22
12/12/2013,1775.5
13/12/2013,1775.32
16/12/2013,1786.54
17/12/2013,1781
18/12/2013,1810.65
19/12/2013,1809.6
20/12/2013,1818.32
23/12/2013,1827.99
24/12/2013,1833.32
26/12/2013,1842.02
27/12/2013,1841.4
30/12/2013,1841.07
31/12/2013,1848.36
02/01/2014,1831.98
03/01/2014,1831.37
06/01/2014,1826.77
07/01/2014,1837.88
08/01/2014,1837.49
09/01/2014,1838.13
10/01/2014,1842.37
13/01/2014,1819.2
14/01/2014,1838.88
15/01/2014,1848.38
16/01/2014,1845.89
17/01/2014,1838.7
21/01/2014,1843.8
22/01/2014,1844.86
23/01/2014,1828.46
24/01/2014,1790.29
27/01/2014,1781.56
28/01/2014,1792.5
29/01/2014,1774.2
30/01/2014,1794.19
31/01/2014,1782.59
03/02/2014,1741.89
04/02/2014,1755.2
05/02/2014,1751.64
06/02/2014,1773.43
07/02/2014,1797.02
10/02/2014,1799.84
11/02/2014,1819.75
12/02/2014,1819.26
13/02/2014,1829.83
14/02/2014,1838.63
18/02/2014,1840.76
19/02/2014,1828.75
20/02/2014,1839.78
21/02/2014,1836.25
24/02/2014,1847.61
25/02/2014,1845.12
26/02/2014,1845.16
27/02/2014,1854.29
28/02/2014,1859.45
03/03/2014,1845.73
04/03/2014,1873.91
05/03/2014,1873.81
06/03/2014,1877.03
07/03/2014,1878.04
10/03/2014,1877.17
11/03/2014,1867.63
12/03/2014,1868.2
13/03/2014,1846.34
14/03/2014,1841.13
17/03/2014,1858.83
18/03/2014,1872.25
19/03/2014,1860.77
20/03/2014,1872.01
21/03/2014,1866.52
24/03/2014,1857.44
25/03/2014,1865.62
26/03/2014,1852.56
27/03/2014,1849.04
28/03/2014,1857.62
31/03/2014,1872.34
01/04/2014,1885.52
02/04/2014,1890.9
03/04/2014,1888.77
04/04/2014,1865.09
07/04/2014,1845.04
08/04/2014,1851.96
09/04/2014,1872.18
10/04/2014,1833.08
11/04/2014,1815.69
14/04/2014,1830.61
15/04/2014,1842.98
16/04/2014,1862.31
17/04/2014,1864.85
21/04/2014,1871.89
22/04/2014,1879.55
23/04/2014,1875.39
24/04/2014,1878.61
25/04/2014,1863.4
28/04/2014,1869.43
29/04/2014,1878.33
30/04/2014,1883.95
01/05/2014,1883.68
02/05/2014,1881.14
05/05/2014,1884.66
06/05/2014,1867.72
07/05/2014,1878.21
08/05/2014,1875.63
09/05/2014,1878.48
12/05/2014,1896.65
13/05/2014,1897.45
14/05/2014,1888.53
15/05/2014,1870.85
16/05/2014,1877.86
19/05/2014,1885.08
20/05/2014,1872.83
21/05/2014,1888.03
22/05/2014,1892.49
23/05/2014,1900.53
27/05/2014,1911.91
28/05/2014,1909.78
29/05/2014,1920.03
30/05/2014,1923.57
02/06/2014,1924.97
03/06/2014,1924.24
04/06/2014,1927.88
05/06/2014,1940.46
06/06/2014,1949.44
09/06/2014,1951.27
10/06/2014,1950.79
11/06/2014,1943.89
12/06/2014,1930.11
13/06/2014,1936.16
16/06/2014,1937.78
17/06/2014,1941.99
18/06/2014,1956.98
19/06/2014,1959.48
20/06/2014,1962.87
23/06/2014,1962.61
24/06/2014,1949.98
25/06/2014,1959.53
26/06/2014,1957.22
27/06/2014,1960.96
30/06/2014,1960.23
01/07/2014,1973.32
02/07/2014,1974.62
03/07/2014,1985.44
07/07/2014,1977.65
08/07/2014,1963.71
09/07/2014,1972.83
10/07/2014,1964.68
11/07/2014,1967.57
14/07/2014,1977.1
15/07/2014,1973.28
16/07/2014,1981.57
17/07/2014,1958.12
18/07/2014,1978.22
21/07/2014,1973.63
22/07/2014,1983.53
23/07/2014,1987.01
24/07/2014,1987.98
25/07/2014,1978.34
28/07/2014,1978.91
29/07/2014,1969.95
30/07/2014,1970.07
31/07/2014,1930.67
01/08/2014,1925.15
04/08/2014,1938.99
05/08/2014,1920.21
06/08/2014,1920.24
07/08/2014,1909.57
08/08/2014,1931.59
11/08/2014,1936.92
12/08/2014,1933.75
13/08/2014,1946.72
14/08/2014,1955.18
15/08/2014,1955.06
18/08/2014,1971.74
19/08/2014,1981.6
20/08/2014,1986.51
21/08/2014,1992.37
22/08/2014,1988.4
25/08/2014,1997.92
26/08/2014,2000.02
27/08/2014,2000.12
28/08/2014,1996.74
29/08/2014,2003.37
02/09/2014,2002.28
03/09/2014,2000.72
04/09/2014,1997.65
05/09/2014,2007.71
08/09/2014,2001.54
09/09/2014,1988.44
10/09/2014,1995.69
11/09/2014,1997.45
12/09/2014,1985.54
15/09/2014,1984.13
16/09/2014,1998.98
17/09/2014,2001.57
18/09/2014,2011.36
19/09/2014,2010.4
22/09/2014,1994.29
23/09/2014,1982.77
24/09/2014,1998.3
25/09/2014,1965.99
26/09/2014,1982.85
29/09/2014,1977.8
30/09/2014,1972.29
01/10/2014,1946.16
02/10/2014,1946.17
03/10/2014,1967.9
06/10/2014,1964.82
07/10/2014,1935.1
08/10/2014,1968.89
09/10/2014,1928.21
10/10/2014,1906.13
13/10/2014,1874.74
14/10/2014,1877.7
15/10/2014,1862.49
16/10/2014,1862.76
17/10/2014,1886.76
20/10/2014,1904.01
21/10/2014,1941.28
22/10/2014,1927.11
23/10/2014,1950.82
24/10/2014,1964.58
27/10/2014,1961.63
28/10/2014,1985.05
29/10/2014,1982.3
30/10/2014,1994.65
31/10/2014,2018.05
03/11/2014,2017.81
04/11/2014,2012.1
05/11/2014,2023.57
06/11/2014,2031.21
07/11/2014,2031.92
10/11/2014,2038.26
11/11/2014,2039.68
12/11/2014,2038.25
13/11/2014,2039.33
14/11/2014,2039.82
17/11/2014,2041.32
18/11/2014,2051.8
19/11/2014,2048.72
20/11/2014,2052.75
21/11/2014,2063.5
24/11/2014,2069.41
25/11/2014,2067.03
26/11/2014,2072.83
28/11/2014,2067.56
01/12/2014,2053.44
02/12/2014,2066.55
03/12/2014,2074.33
04/12/2014,2071.92
05/12/2014,2075.37
08/12/2014,2060.31
09/12/2014,2059.82
10/12/2014,2026.14
11/12/2014,2035.33
12/12/2014,2002.33
15/12/2014,1989.63
16/12/2014,1972.74
17/12/2014,2012.89
18/12/2014,2061.23
19/12/2014,2070.65
22/12/2014,2078.54
23/12/2014,2082.17
24/12/2014,2081.88
26/12/2014,2088.77
29/12/2014,2090.57
30/12/2014,2080.35
31/12/2014,2058.9
02/01/2015,2058.2
05/01/2015,2020.58
06/01/2015,2002.61
07/01/2015,2025.9
08/01/2015,2062.14
09/01/2015,2044.81
12/01/2015,2028.26
13/01/2015,2023.03
14/01/2015,2011.27
15/01/2015,1992.67
16/01/2015,2019.42
20/01/2015,2022.55
21/01/2015,2032.12
22/01/2015,2063.15
23/01/2015,2051.82
26/01/2015,2057.09
27/01/2015,2029.55
28/01/2015,2002.16
29/01/2015,2021.25
30/01/2015,1994.99
02/02/2015,2020.85
03/02/2015,2050.03
04/02/2015,2041.51
05/02/2015,2062.52
06/02/2015,2055.47
09/02/2015,2046.74
10/02/2015,2068.59
11/02/2015,2068.53
12/02/2015,2088.48
13/02/2015,2096.99
17/02/2015,2100.34
18/02/2015,2099.68
19/02/2015,2097.45
20/02/2015,2110.3
23/02/2015,2109.66
24/02/2015,2115.48
25/02/2015,2113.86
26/02/2015,2110.74
27/02/2015,2104.5
02/03/2015,2117.39
03/03/2015,2107.78
04/03/2015,2098.53
05/03/2015,2101.04
06/03/2015,2071.26
09/03/2015,2079.43
10/03/2015,2044.16
11/03/2015,2040.24
12/03/2015,2065.95
13/03/2015,2053.4
16/03/2015,2081.19
17/03/2015,2074.28
18/03/2015,2099.5
19/03/2015,2089.27
20/03/2015,2108.1
23/03/2015,2104.42
24/03/2015,2091.5
25/03/2015,2061.05
26/03/2015,2056.15
27/03/2015,2061.02
30/03/2015,2086.24
31/03/2015,2067.89
01/04/2015,2059.69
02/04/2015,2066.96
06/04/2015,2080.62
07/04/2015,2076.33
08/04/2015,2081.9
09/04/2015,2091.18
10/04/2015,2102.06
13/04/2015,2092.43
14/04/2015,2095.84
15/04/2015,2106.63
16/04/2015,2104.99
17/04/2015,2081.18
20/04/2015,2100.4
21/04/2015,2097.29
22/04/2015,2107.96
23/04/2015,2112.93
24/04/2015,2117.69
27/04/2015,2108.92
28/04/2015,2114.76
29/04/2015,2106.85
30/04/2015,2085.51
01/05/2015,2108.29
04/05/2015,2114.49
05/05/2015,2089.46
06/05/2015,2080.15
07/05/2015,2088
08/05/2015,2116.1
11/05/2015,2105.33
12/05/2015,2099.12
13/05/2015,2098.48
14/05/2015,2121.1
15/05/2015,2122.73
18/05/2015,2129.2
19/05/2015,2127.83
20/05/2015,2125.85
21/05/2015,2130.82
22/05/2015,2126.06
26/05/2015,2104.2
27/05/2015,2123.48
28/05/2015,2120.79
29/05/2015,2107.39
01/06/2015,2111.73
02/06/2015,2109.6
03/06/2015,2114.07
04/06/2015,2095.84
05/06/2015,2092.83
08/06/2015,2079.28
09/06/2015,2080.15
10/06/2015,2105.2
11/06/2015,2108.86
12/06/2015,2094.11
15/06/2015,2084.43
16/06/2015,2096.29
17/06/2015,2100.44
18/06/2015,2121.24
19/06/2015,2109.99
22/06/2015,2122.85
23/06/2015,2124.2
24/06/2015,2108.58
25/06/2015,2102.31
26/06/2015,2101.49
29/06/2015,2057.64
30/06/2015,2063.11
01/07/2015,2077.42
02/07/2015,2076.78
06/07/2015,2068.76
07/07/2015,2081.34
08/07/2015,2046.68
09/07/2015,2051.31
10/07/2015,2076.62
13/07/2015,2099.6
14/07/2015,2108.95
15/07/2015,2107.4
16/07/2015,2124.29
17/07/2015,2126.64
20/07/2015,2128.28
21/07/2015,2119.21
22/07/2015,2114.15
23/07/2015,2102.15
24/07/2015,2079.65
27/07/2015,2067.64
28/07/2015,2093.25
29/07/2015,2108.57
30/07/2015,2108.63
31/07/2015,2103.84
03/08/2015,2098.04
04/08/2015,2093.32
05/08/2015,2099.84
06/08/2015,2083.56
07/08/2015,2077.57
10/08/2015,2104.18
11/08/2015,2084.07
12/08/2015,2086.05
13/08/2015,2083.39
14/08/2015,2091.54
17/08/2015,2102.44
18/08/2015,2096.92
19/08/2015,2079.61
20/08/2015,2035.73
21/08/2015,1970.89
24/08/2015,1893.21
25/08/2015,1867.61
26/08/2015,1940.51
27/08/2015,1987.66
28/08/2015,1988.87
31/08/2015,1972.18
01/09/2015,1913.85
02/09/2015,1948.86
03/09/2015,1951.13
04/09/2015,1921.22
08/09/2015,1969.41
09/09/2015,1942.04
10/09/2015,1952.29
11/09/2015,1961.05
14/09/2015,1953.03
15/09/2015,1978.09
16/09/2015,1995.31
17/09/2015,1990.2
18/09/2015,1958.03
21/09/2015,1966.97
22/09/2015,1942.74
23/09/2015,1938.76
24/09/2015,1932.24
25/09/2015,1931.34
28/09/2015,1881.77
29/09/2015,1884.09
30/09/2015,1920.03
01/10/2015,1923.82
02/10/2015,1951.36
05/10/2015,1987.05
06/10/2015,1979.92
07/10/2015,1995.83
08/10/2015,2013.43
09/10/2015,2014.89
12/10/2015,2017.46
13/10/2015,2003.69
14/10/2015,1994.24
15/10/2015,2023.86
16/10/2015,2033.11
19/10/2015,2033.66
20/10/2015,2030.77
21/10/2015,2018.94
22/10/2015,2052.51
23/10/2015,2075.15
26/10/2015,2071.18
27/10/2015,2065.89
28/10/2015,2090.35
29/10/2015,2089.41
30/10/2015,2079.36
02/11/2015,2104.05
03/11/2015,2109.79
04/11/2015,2102.31
05/11/2015,2099.93
06/11/2015,2099.2
09/11/2015,2078.58
10/11/2015,2081.72
11/11/2015,2075
12/11/2015,2045.97
13/11/2015,2023.04
16/11/2015,2053.19
17/11/2015,2050.44
18/11/2015,2083.58
19/11/2015,2081.24
20/11/2015,2089.17
23/11/2015,2086.59
24/11/2015,2089.14
25/11/2015,2088.87
27/11/2015,2090.11
30/11/2015,2080.41
01/12/2015,2102.63
02/12/2015,2079.51
03/12/2015,2049.62
04/12/2015,2091.69
07/12/2015,2077.07
08/12/2015,2063.59
09/12/2015,2047.62
10/12/2015,2052.23
11/12/2015,2012.37
14/12/2015,2021.94
15/12/2015,2043.41
16/12/2015,2073.07
17/12/2015,2041.89
18/12/2015,2005.55
21/12/2015,2021.15
22/12/2015,2038.97
23/12/2015,2064.29
24/12/2015,2060.99
28/12/2015,2056.5
29/12/2015,2078.36
30/12/2015,2063.36
31/12/2015,2043.94
04/01/2016,2012.66
05/01/2016,2016.71
06/01/2016,1990.26
07/01/2016,1943.09
08/01/2016,1922.03
11/01/2016,1923.67
12/01/2016,1938.68
13/01/2016,1890.28
14/01/2016,1921.84
15/01/2016,1880.33
19/01/2016,1881.33
20/01/2016,1859.33
21/01/2016,1868.99
22/01/2016,1906.9
25/01/2016,1877.08
26/01/2016,1903.63
27/01/2016,1882.95
28/01/2016,1893.36
29/01/2016,1940.24
01/02/2016,1939.38
02/02/2016,1903.03
03/02/2016,1912.53
04/02/2016,1915.45
05/02/2016,1880.05
08/02/2016,1853.44
09/02/2016,1852.21
10/02/2016,1851.86
11/02/2016,1829.08
12/02/2016,1864.78
16/02/2016,1895.58
17/02/2016,1926.82
18/02/2016,1917.83
19/02/2016,1917.78
22/02/2016,1945.5
23/02/2016,1921.27
24/02/2016,1929.8
25/02/2016,1951.7
26/02/2016,1948.05
29/02/2016,1932.23
01/03/2016,1978.35
02/03/2016,1986.45
03/03/2016,1993.4
04/03/2016,1999.99
07/03/2016,2001.76
08/03/2016,1979.26
09/03/2016,1989.26
10/03/2016,1989.57
11/03/2016,2022.19
14/03/2016,2019.64
15/03/2016,2015.93
16/03/2016,2027.22
17/03/2016,2040.59
18/03/2016,2049.58
21/03/2016,2051.6
22/03/2016,2049.8
23/03/2016,2036.71
24/03/2016,2035.94
28/03/2016,2037.05
29/03/2016,2055.01
30/03/2016,2063.95
31/03/2016,2059.74
01/04/2016,2072.78
04/04/2016,2066.13
05/04/2016,2045.17
06/04/2016,2066.66
07/04/2016,2041.91
08/04/2016,2047.6
11/04/2016,2041.99
12/04/2016,2061.72
13/04/2016,2082.42
14/04/2016,2082.78
15/04/2016,2080.73
18/04/2016,2094.34
19/04/2016,2100.8
20/04/2016,2102.4
21/04/2016,2091.48
22/04/2016,2091.58
25/04/2016,2087.79
26/04/2016,2091.7
27/04/2016,2095.15
28/04/2016,2075.81
29/04/2016,2065.3
02/05/2016,2081.43
03/05/2016,2063.37
04/05/2016,2051.12
05/05/2016,2050.63
06/05/2016,2057.14
09/05/2016,2058.69
10/05/2016,2084.39
11/05/2016,2064.46
12/05/2016,2064.11
13/05/2016,2046.61
16/05/2016,2066.66
17/05/2016,2047.21
18/05/2016,2047.63
19/05/2016,2040.04
20/05/2016,2052.32
23/05/2016,2048.04
24/05/2016,2076.06
25/05/2016,2090.54
26/05/2016,2090.1
27/05/2016,2099.06
31/05/2016,2096.96
01/06/2016,2099.33
02/06/2016,2105.26
03/06/2016,2099.13
06/06/2016,2109.41
07/06/2016,2112.13
08/06/2016,2119.12
09/06/2016,2115.48
10/06/2016,2096.07
13/06/2016,2079.06
14/06/2016,2075.32
15/06/2016,2071.5
16/06/2016,2077.99
17/06/2016,2071.22
20/06/2016,2083.25
21/06/2016,2088.9
22/06/2016,2085.45
23/06/2016,2113.32
24/06/2016,2037.41
27/06/2016,2000.54
28/06/2016,2036.09
29/06/2016,2070.77
30/06/2016,2098.86
01/07/2016,2102.95
05/07/2016,2088.55
06/07/2016,2099.73
07/07/2016,2097.9
08/07/2016,2129.9
11/07/2016,2137.16
12/07/2016,2152.14
13/07/2016,2152.43
14/07/2016,2163.75
15/07/2016,2161.74
18/07/2016,2166.89
19/07/2016,2163.78
20/07/2016,2173.02
21/07/2016,2165.17
22/07/2016,2175.03
25/07/2016,2168.48
26/07/2016,2169.18
27/07/2016,2166.58
28/07/2016,2170.06
29/07/2016,2173.6
01/08/2016,2170.84
02/08/2016,2157.03
03/08/2016,2163.79
04/08/2016,2164.25
05/08/2016,2182.87
08/08/2016,2180.89
09/08/2016,2181.74
10/08/2016,2175.49
11/08/2016,2185.79
12/08/2016,2184.05
15/08/2016,2190.15
16/08/2016,2178.15
17/08/2016,2182.22
18/08/2016,2187.02
19/08/2016,2183.87
22/08/2016,2182.64
23/08/2016,2186.9
24/08/2016,2175.44
25/08/2016,2172.47
26/08/2016,2169.04
29/08/2016,2180.38
30/08/2016,2176.12
31/08/2016,2170.95
01/09/2016,2170.86
02/09/2016,2179.98
06/09/2016,2186.48
07/09/2016,2186.16
08/09/2016,2181.3
09/09/2016,2127.81
12/09/2016,2159.04
13/09/2016,2127.02
14/09/2016,2125.77
15/09/2016,2147.26
16/09/2016,2139.16
19/09/2016,2139.12
20/09/2016,2139.76
21/09/2016,2163.12
22/09/2016,2177.18
23/09/2016,2164.69
26/09/2016,2146.1
27/09/2016,2159.93
28/09/2016,2171.37
29/09/2016,2151.13
30/09/2016,2168.27
03/10/2016,2161.2
04/10/2016,2150.49
05/10/2016,2159.73
06/10/2016,2160.77
07/10/2016,2153.74
10/10/2016,2163.66
11/10/2016,2136.73
12/10/2016,2139.18
13/10/2016,2132.55
14/10/2016,2132.98
17/10/2016,2126.5
18/10/2016,2139.6
19/10/2016,2144.29
20/10/2016,2141.34
21/10/2016,2141.16
24/10/2016,2151.33
25/10/2016,2143.16
26/10/2016,2139.43
27/10/2016,2133.04
28/10/2016,2126.41
31/10/2016,2126.15
01/11/2016,2111.72
02/11/2016,2097.94
03/11/2016,2088.66
04/11/2016,2085.18
07/11/2016,2131.52
08/11/2016,2139.56
09/11/2016,2163.26
10/11/2016,2167.48
11/11/2016,2164.45
14/11/2016,2164.2
15/11/2016,2180.39
16/11/2016,2176.94
17/11/2016,2187.12
18/11/2016,2181.9
21/11/2016,2198.18
22/11/2016,2202.94
23/11/2016,2204.72
25/11/2016,2213.35
28/11/2016,2201.72
29/11/2016,2204.66
30/11/2016,2198.81
01/12/2016,2191.08
02/12/2016,2191.95
05/12/2016,2204.71
06/12/2016,2212.23
07/12/2016,2241.35
08/12/2016,2246.19
09/12/2016,2259.53
12/12/2016,2256.96
13/12/2016,2271.72
14/12/2016,2253.28
15/12/2016,2262.03
16/12/2016,2258.07
19/12/2016,2262.53
20/12/2016,2270.76
21/12/2016,2265.18
22/12/2016,2260.96
23/12/2016,2263.79
27/12/2016,2268.88
28/12/2016,2249.92
29/12/2016,2249.26
30/12/2016,2238.83
03/01/2017,2257.83
04/01/2017,2270.75
05/01/2017,2269
06/01/2017,2276.98
09/01/2017,2268.9
10/01/2017,2268.9
11/01/2017,2275.32
12/01/2017,2270.44
13/01/2017,2274.64
17/01/2017,2267.89
18/01/2017,2271.89
19/01/2017,2263.69
20/01/2017,2271.31
23/01/2017,2265.2
24/01/2017,2280.07
25/01/2017,2298.37
26/01/2017,2296.68
27/01/2017,2294.69
30/01/2017,2280.9
31/01/2017,2278.87
01/02/2017,2279.55
02/02/2017,2280.85
03/02/2017,2297.42
06/02/2017,2292.56
07/02/2017,2293.08
08/02/2017,2294.67
09/02/2017,2307.87
10/02/2017,2316.1
13/02/2017,2328.25
14/02/2017,2337.58
15/02/2017,2349.25
16/02/2017,2347.22
17/02/2017,2351.16
21/02/2017,2365.38
22/02/2017,2362.82
23/02/2017,2363.81
24/02/2017,2367.34
27/02/2017,2369.75
28/02/2017,2363.64
01/03/2017,2395.96
02/03/2017,2381.92
03/03/2017,2383.12
06/03/2017,2375.31
07/03/2017,2368.39
08/03/2017,2362.98
09/03/2017,2364.87
10/03/2017,2372.6
13/03/2017,2373.47
14/03/2017,2365.45
15/03/2017,2385.26
16/03/2017,2381.38
17/03/2017,2378.25
20/03/2017,2373.47
21/03/2017,2344.02
22/03/2017,2348.45
23/03/2017,2345.96
24/03/2017,2343.98
27/03/2017,2341.59
28/03/2017,2358.57
29/03/2017,2361.13
30/03/2017,2368.06
31/03/2017,2362.72
03/04/2017,2358.84
04/04/2017,2360.16
05/04/2017,2352.95
06/04/2017,2357.49
07/04/2017,2355.54
10/04/2017,2357.16
11/04/2017,2353.78
12/04/2017,2344.93
13/04/2017,2328.95
17/04/2017,2349.01
18/04/2017,2342.19
19/04/2017,2338.17
20/04/2017,2355.84
21/04/2017,2348.69
24/04/2017,2374.15
25/04/2017,2388.61
26/04/2017,2387.45
27/04/2017,2388.77
28/04/2017,2384.2
01/05/2017,2388.33
02/05/2017,2391.17
03/05/2017,2388.13
04/05/2017,2389.52
05/05/2017,2399.29
08/05/2017,2399.38
09/05/2017,2396.92
10/05/2017,2399.63
11/05/2017,2394.44
12/05/2017,2390.9
15/05/2017,2402.32
16/05/2017,2400.67
17/05/2017,2357.03
18/05/2017,2365.72
19/05/2017,2381.73
22/05/2017,2394.02
23/05/2017,2398.42
24/05/2017,2404.39
25/05/2017,2415.07
26/05/2017,2415.82
30/05/2017,2412.91
31/05/2017,2411.8
01/06/2017,2430.06
02/06/2017,2439.07
05/06/2017,2436.1
06/06/2017,2429.33
07/06/2017,2433.14
08/06/2017,2433.79
09/06/2017,2431.77
12/06/2017,2429.39
13/06/2017,2440.35
14/06/2017,2437.92
15/06/2017,2432.46
16/06/2017,2433.15
19/06/2017,2453.46
20/06/2017,2437.03
21/06/2017,2435.61
22/06/2017,2434.5
23/06/2017,2438.3
26/06/2017,2439.07
27/06/2017,2419.38
28/06/2017,2440.69
29/06/2017,2419.7
30/06/2017,2423.41
03/07/2017,2429.01
05/07/2017,2432.54
06/07/2017,2409.75
07/07/2017,2425.18
10/07/2017,2427.43
11/07/2017,2425.53
12/07/2017,2443.25
13/07/2017,2447.83
14/07/2017,2459.27
17/07/2017,2459.14
18/07/2017,2460.61
19/07/2017,2473.83
20/07/2017,2473.45
21/07/2017,2472.54
24/07/2017,2469.91
25/07/2017,2477.13
26/07/2017,2477.83
27/07/2017,2475.42
28/07/2017,2472.1
31/07/2017,2470.3
01/08/2017,2476.35
02/08/2017,2477.57
03/08/2017,2472.16
04/08/2017,2476.83
07/08/2017,2480.91
08/08/2017,2474.92
09/08/2017,2474.02
10/08/2017,2438.21
11/08/2017,2441.32
14/08/2017,2465.84
15/08/2017,2464.61
16/08/2017,2468.11
17/08/2017,2430.01
18/08/2017,2425.55
21/08/2017,2428.37
22/08/2017,2452.51
23/08/2017,2444.04
24/08/2017,2438.97
25/08/2017,2443.05
28/08/2017,2444.24
29/08/2017,2446.3
30/08/2017,2457.59
31/08/2017,2471.65
01/09/2017,2476.55
05/09/2017,2457.85
06/09/2017,2465.54
07/09/2017,2465.1
08/09/2017,2461.43
11/09/2017,2488.11
12/09/2017,2496.48
13/09/2017,2498.37
14/09/2017,2495.62
15/09/2017,2500.23
18/09/2017,2503.87
19/09/2017,2506.65
20/09/2017,2508.24
21/09/2017,2500.6
22/09/2017,2502.22
25/09/2017,2496.66
26/09/2017,2496.84
27/09/2017,2507.04
28/09/2017,2510.06
29/09/2017,2519.36
02/10/2017,2529.12
03/10/2017,2534.58
04/10/2017,2537.74
05/10/2017,2552.07
06/10/2017,2549.33
09/10/2017,2544.73
10/10/2017,2550.64
11/10/2017,2555.24
12/10/2017,2550.93
13/10/2017,2553.17
16/10/2017,2557.64
17/10/2017,2559.36
18/10/2017,2561.26
19/10/2017,2562.1
20/10/2017,2575.21
23/10/2017,2564.98
24/10/2017,2569.13
25/10/2017,2557.15
26/10/2017,2560.4
27/10/2017,2581.07
30/10/2017,2572.83
31/10/2017,2575.26
01/11/2017,2579.36
02/11/2017,2579.85
03/11/2017,2587.84
06/11/2017,2591.13
07/11/2017,2590.64
08/11/2017,2594.38
09/11/2017,2584.62
10/11/2017,2582.3
13/11/2017,2584.84
14/11/2017,2578.87
15/11/2017,2564.62
16/11/2017,2585.64
17/11/2017,2578.85
20/11/2017,2582.14
21/11/2017,2599.03
22/11/2017,2597.08
24/11/2017,2602.42
27/11/2017,2601.42
28/11/2017,2627.04
29/11/2017,2626.07
30/11/2017,2647.58
01/12/2017,2642.22
04/12/2017,2639.44
05/12/2017,2629.57
06/12/2017,2629.27
07/12/2017,2636.98
08/12/2017,2651.5
11/12/2017,2659.99
12/12/2017,2664.11
13/12/2017,2662.85
14/12/2017,2652.01
15/12/2017,2675.81
18/12/2017,2690.16
19/12/2017,2681.47
20/12/2017,2679.25
21/12/2017,2684.57
22/12/2017,2683.34
26/12/2017,2680.5
27/12/2017,2682.62
28/12/2017,2687.54
29/12/2017,2673.61
02/01/2018,2695.81
03/01/2018,2713.06
04/01/2018,2723.99
05/01/2018,2743.15
08/01/2018,2747.71
09/01/2018,2751.29
10/01/2018,2748.23
11/01/2018,2767.56
12/01/2018,2786.24
16/01/2018,2776.42
17/01/2018,2802.56
18/01/2018,2798.03
19/01/2018,2810.3
22/01/2018,2832.97
23/01/2018,2839.13
24/01/2018,2837.54
25/01/2018,2839.25
26/01/2018,2872.87
29/01/2018,2853.53
30/01/2018,2822.43
31/01/2018,2823.81
01/02/2018,2821.98
02/02/2018,2762.13
05/02/2018,2648.94
06/02/2018,2695.14
07/02/2018,2681.66
08/02/2018,2581
09/02/2018,2619.55
12/02/2018,2656
13/02/2018,2662.94
14/02/2018,2698.63
15/02/2018,2731.2
16/02/2018,2732.22
20/02/2018,2716.26
21/02/2018,2701.33
22/02/2018,2703.96
23/02/2018,2747.3
26/02/2018,2779.6
27/02/2018,2744.28
28/02/2018,2713.83
01/03/2018,2677.67
02/03/2018,2691.25
05/03/2018,2720.94
06/03/2018,2728.12
07/03/2018,2726.8
08/03/2018,2738.97
09/03/2018,2786.57
12/03/2018,2783.02
13/03/2018,2765.31
14/03/2018,2749.48
15/03/2018,2747.33
16/03/2018,2752.01
19/03/2018,2712.92
20/03/2018,2716.94
21/03/2018,2711.93
22/03/2018,2643.69
23/03/2018,2588.26
26/03/2018,2658.55
27/03/2018,2612.62
28/03/2018,2605
29/03/2018,2640.87
02/04/2018,2581.88
03/04/2018,2614.45
04/04/2018,2644.69
05/04/2018,2662.84
06/04/2018,2604.47
09/04/2018,2613.16
10/04/2018,2656.87
11/04/2018,2642.19
12/04/2018,2663.99
13/04/2018,2656.3
16/04/2018,2677.84
17/04/2018,2706.39
18/04/2018,2708.64
19/04/2018,2693.13
20/04/2018,2670.14
23/04/2018,2670.29
24/04/2018,2634.56
25/04/2018,2639.4
26/04/2018,2666.94
27/04/2018,2669.91
30/04/2018,2648.05
01/05/2018,2654.8
02/05/2018,2635.67
03/05/2018,2629.73
04/05/2018,2663.42
07/05/2018,2672.63
08/05/2018,2671.92
09/05/2018,2697.79
10/05/2018,2723.07
11/05/2018,2727.72
14/05/2018,2730.13
15/05/2018,2711.45
16/05/2018,2722.46
17/05/2018,2720.13
18/05/2018,2712.97
21/05/2018,2733.01
22/05/2018,2724.44
23/05/2018,2733.29
24/05/2018,2727.76
25/05/2018,2721.33
29/05/2018,2689.86
30/05/2018,2724.01
31/05/2018,2705.27
01/06/2018,2734.62
04/06/2018,2746.87
05/06/2018,2748.8
06/06/2018,2772.35
07/06/2018,2770.37
08/06/2018,2779.03
11/06/2018,2782
12/06/2018,2786.85
13/06/2018,2775.63
14/06/2018,2782.49
15/06/2018,2779.66
18/06/2018,2773.75
19/06/2018,2762.59
20/06/2018,2767.32
21/06/2018,2749.76
22/06/2018,2754.88
25/06/2018,2717.07
26/06/2018,2723.06
27/06/2018,2699.63
28/06/2018,2716.31
29/06/2018,2718.37
02/07/2018,2726.71
03/07/2018,2713.22
05/07/2018,2736.61
06/07/2018,2759.82
09/07/2018,2784.17
10/07/2018,2793.84
11/07/2018,2774.02
12/07/2018,2798.29
13/07/2018,2801.31
16/07/2018,2798.43
17/07/2018,2809.55
18/07/2018,2815.62
19/07/2018,2804.49
20/07/2018,2801.83
23/07/2018,2806.98
24/07/2018,2820.4
25/07/2018,2846.07
26/07/2018,2837.44
27/07/2018,2818.82
30/07/2018,2802.6
31/07/2018,2816.29
01/08/2018,2813.36
02/08/2018,2827.22
03/08/2018,2840.35
06/08/2018,2850.4
07/08/2018,2858.45
08/08/2018,2857.7
09/08/2018,2853.58
10/08/2018,2833.28
13/08/2018,2821.93
14/08/2018,2839.96
15/08/2018,2818.37
16/08/2018,2840.69
17/08/2018,2850.13
20/08/2018,2857.05
21/08/2018,2862.96
22/08/2018,2861.82
23/08/2018,2856.98
24/08/2018,2874.69
27/08/2018,2896.74
28/08/2018,2897.52
29/08/2018,2914.04
30/08/2018,2901.13
31/08/2018,2901.52
04/09/2018,2896.72
05/09/2018,2888.6
06/09/2018,2878.05
07/09/2018,2871.68
10/09/2018,2877.13
11/09/2018,2887.89
12/09/2018,2888.92
13/09/2018,2904.18
14/09/2018,2904.98
17/09/2018,2888.8
18/09/2018,2904.31
19/09/2018,2907.95
20/09/2018,2930.75
21/09/2018,2929.67
24/09/2018,2919.37
25/09/2018,2915.56
26/09/2018,2905.97
27/09/2018,2914
28/09/2018,2913.98
01/10/2018,2924.59
02/10/2018,2923.43
03/10/2018,2925.51
04/10/2018,2901.61
05/10/2018,2885.57
08/10/2018,2884.43
09/10/2018,2880.34
10/10/2018,2785.68
11/10/2018,2728.37
12/10/2018,2767.13
15/10/2018,2750.79
16/10/2018,2809.92
17/10/2018,2809.21
18/10/2018,2768.78
19/10/2018,2767.78
22/10/2018,2755.88
23/10/2018,2740.69
24/10/2018,2656.1
25/10/2018,2705.57
26/10/2018,2658.69
29/10/2018,2641.25
30/10/2018,2682.63
31/10/2018,2711.74
01/11/2018,2740.37
02/11/2018,2723.06
05/11/2018,2738.31
06/11/2018,2755.45
07/11/2018,2813.89
08/11/2018,2806.83
09/11/2018,2781.01
12/11/2018,2726.22
13/11/2018,2722.18
14/11/2018,2701.58
15/11/2018,2730.2
16/11/2018,2736.27
19/11/2018,2690.73
20/11/2018,2641.89
21/11/2018,2649.93
23/11/2018,2632.56
26/11/2018,2673.45
27/11/2018,2682.17
28/11/2018,2743.79
29/11/2018,2737.76
30/11/2018,2760.17
03/12/2018,2790.37
04/12/2018,2700.06
06/12/2018,2695.95
07/12/2018,2633.08
10/12/2018,2637.72
11/12/2018,2636.78
12/12/2018,2651.07
13/12/2018,2650.54
14/12/2018,2599.95
17/12/2018,2545.94
18/12/2018,2546.16
19/12/2018,2506.96
20/12/2018,2467.42
21/12/2018,2416.62
24/12/2018,2351.1
26/12/2018,2467.7
27/12/2018,2488.83
28/12/2018,2485.74
31/12/2018,2506.85
02/01/2019,2510.03
03/01/2019,2447.89
04/01/2019,2531.94
07/01/2019,2549.69
08/01/2019,2574.41
09/01/2019,2584.96
10/01/2019,2596.64
11/01/2019,2596.26
14/01/2019,2582.61
15/01/2019,2610.3
16/01/2019,2616.1
17/01/2019,2635.96
18/01/2019,2670.71
22/01/2019,2632.9
23/01/2019,2638.7
24/01/2019,2642.33
25/01/2019,2664.76
28/01/2019,2643.85
29/01/2019,2640
30/01/2019,2681.05
31/01/2019,2704.1
01/02/2019,2706.53
04/02/2019,2724.87
05/02/2019,2737.7
06/02/2019,2731.61
07/02/2019,2706.05
08/02/2019,2707.88
11/02/2019,2709.8
12/02/2019,2744.73
13/02/2019,2753.03
14/02/2019,2745.73
15/02/2019,2775.6
19/02/2019,2779.76
20/02/2019,2784.7
21/02/2019,2774.88
22/02/2019,2792.67
25/02/2019,2796.11
26/02/2019,2793.9
27/02/2019,2792.38
28/02/2019,2784.49
01/03/2019,2803.69
04/03/2019,2792.81
05/03/2019,2789.65
06/03/2019,2771.45
07/03/2019,2748.93
08/03/2019,2743.07
11/03/2019,2783.3
12/03/2019,2791.52
13/03/2019,2810.92
14/03/2019,2808.48
15/03/2019,2822.48
18/03/2019,2832.94
19/03/2019,2832.57
20/03/2019,2824.23
21/03/2019,2854.88
22/03/2019,2800.71
25/03/2019,2798.36
26/03/2019,2818.46
27/03/2019,2805.37
28/03/2019,2815.44
29/03/2019,2834.4
01/04/2019,2867.19
02/04/2019,2867.24
03/04/2019,2873.4
04/04/2019,2879.39
05/04/2019,2892.74
08/04/2019,2895.77
09/04/2019,2878.2
10/04/2019,2888.21
11/04/2019,2888.32
12/04/2019,2907.41
15/04/2019,2905.58
16/04/2019,2907.06
17/04/2019,2900.45
18/04/2019,2905.03
22/04/2019,2907.97
23/04/2019,2933.68
24/04/2019,2927.25
25/04/2019,2926.17
26/04/2019,2939.88
29/04/2019,2943.03
30/04/2019,2945.83
01/05/2019,2923.73
02/05/2019,2917.52
03/05/2019,2945.64
06/05/2019,2932.47
07/05/2019,2884.05
08/05/2019,2879.42
09/05/2019,2870.72
10/05/2019,2881.4
13/05/2019,2811.87
14/05/2019,2834.41
15/05/2019,2850.96
16/05/2019,2876.32
17/05/2019,2859.53
20/05/2019,2840.23
21/05/2019,2864.36
22/05/2019,2856.27
23/05/2019,2822.24
24/05/2019,2826.06
28/05/2019,2802.39
29/05/2019,2783.02
30/05/2019,2788.86
31/05/2019,2752.06
03/06/2019,2744.45
04/06/2019,2803.27
05/06/2019,2826.15
06/06/2019,2843.49
07/06/2019,2873.34
10/06/2019,2886.73
11/06/2019,2885.72
12/06/2019,2879.84
13/06/2019,2891.64
14/06/2019,2886.98
17/06/2019,2889.67
18/06/2019,2917.75
19/06/2019,2926.46
20/06/2019,2954.18
21/06/2019,2950.46
24/06/2019,2945.35
25/06/2019,2917.38
26/06/2019,2913.78
27/06/2019,2924.92
28/06/2019,2941.76
01/07/2019,2964.33
02/07/2019,2973.01
03/07/2019,2995.82
05/07/2019,2990.41
08/07/2019,2975.95
09/07/2019,2979.63
10/07/2019,2993.07
11/07/2019,2999.91
12/07/2019,3013.77
15/07/2019,3014.3
16/07/2019,3004.04
17/07/2019,2984.42
18/07/2019,2995.11
19/07/2019,2976.61
22/07/2019,2985.03
23/07/2019,3005.47
24/07/2019,3019.56
25/07/2019,3003.67
26/07/2019,3025.86
29/07/2019,3020.97
30/07/2019,3013.18
31/07/2019,2980.38
01/08/2019,2953.56
02/08/2019,2932.05
05/08/2019,2844.74
06/08/2019,2881.77
07/08/2019,2883.98
08/08/2019,2938.09
09/08/2019,2918.65
12/08/2019,2883.75
13/08/2019,2926.32
14/08/2019,2840.6
15/08/2019,2847.6
16/08/2019,2888.68
19/08/2019,2923.65
20/08/2019,2900.51
21/08/2019,2924.43
22/08/2019,2922.95
23/08/2019,2847.11
26/08/2019,2878.38
27/08/2019,2869.16
28/08/2019,2887.94
29/08/2019,2924.58
30/08/2019,2926.46
03/09/2019,2906.27
04/09/2019,2937.78
05/09/2019,2976
06/09/2019,2978.71
09/09/2019,2978.43
10/09/2019,2979.39
11/09/2019,3000.93
12/09/2019,3009.57
13/09/2019,3007.39
16/09/2019,2997.96
17/09/2019,3005.7
18/09/2019,3006.73
19/09/2019,3006.79
20/09/2019,2992.07
23/09/2019,2991.78
24/09/2019,2966.6
25/09/2019,2984.87
26/09/2019,2977.62
27/09/2019,2961.79
30/09/2019,2976.74
01/10/2019,2940.25
02/10/2019,2887.61
03/10/2019,2910.63
04/10/2019,2952.01
07/10/2019,2938.79
08/10/2019,2893.06
09/10/2019,2919.4
10/10/2019,2938.13
11/10/2019,2970.27
14/10/2019,2966.15
15/10/2019,2995.68
16/10/2019,2989.69
17/10/2019,2997.95
18/10/2019,2986.2
21/10/2019,3006.72
22/10/2019,2995.99
23/10/2019,3004.52
24/10/2019,3010.29
25/10/2019,3022.55
28/10/2019,3039.42
29/10/2019,3036.89
30/10/2019,3046.77
31/10/2019,3037.56
01/11/2019,3066.91
04/11/2019,3078.27
05/11/2019,3074.62
06/11/2019,3076.78
07/11/2019,3085.18
08/11/2019,3093.08
11/11/2019,3087.01
12/11/2019,3091.84
13/11/2019,3094.04
14/11/2019,3096.63
15/11/2019,3120.46
18/11/2019,3122.03
19/11/2019,3120.18
20/11/2019,3108.46
21/11/2019,3103.54
22/11/2019,3110.29
25/11/2019,3133.64
26/11/2019,3140.52
27/11/2019,3153.63
29/11/2019,3140.98
02/12/2019,3113.87
03/12/2019,3093.2
04/12/2019,3112.76
05/12/2019,3117.43
06/12/2019,3145.91
09/12/2019,3135.96
10/12/2019,3132.52
11/12/2019,3141.63
12/12/2019,3168.57
13/12/2019,3168.8
16/12/2019,3191.45
17/12/2019,3192.52
18/12/2019,3191.14
19/12/2019,3205.37
20/12/2019,3221.22
23/12/2019,3224.01
24/12/2019,3223.38
26/12/2019,3239.91
27/12/2019,3240.02
30/12/2019,3221.29
31/12/2019,3230.78
02/01/2020,3257.85
03/01/2020,3234.85
06/01/2020,3246.28
07/01/2020,3237.18
08/01/2020,3253.05
09/01/2020,3274.7
10/01/2020,3265.35
13/01/2020,3288.13
14/01/2020,3283.15
15/01/2020,3289.29
16/01/2020,3316.81
17/01/2020,3329.62
21/01/2020,3320.79
22/01/2020,3321.75
23/01/2020,3325.54
24/01/2020,3295.47
27/01/2020,3243.63
28/01/2020,3276.24
29/01/2020,3273.4
30/01/2020,3283.66
31/01/2020,3225.52
03/02/2020,3248.92
04/02/2020,3297.59
05/02/2020,3334.69
06/02/2020,3345.78
07/02/2020,3327.71
10/02/2020,3352.09
11/02/2020,3357.75
12/02/2020,3379.45
13/02/2020,3373.94
14/02/2020,3380.16
18/02/2020,3370.29
19/02/2020,3386.15
20/02/2020,3373.23
21/02/2020,3337.75
24/02/2020,3225.89
25/02/2020,3128.21
26/02/2020,3116.39
27/02/2020,2978.76
28/02/2020,2954.22
02/03/2020,3090.23
03/03/2020,3003.37
04/03/2020,3130.12
05/03/2020,3023.94
06/03/2020,2972.37
09/03/2020,2746.56
10/03/2020,2882.23
11/03/2020,2741.38
12/03/2020,2480.64
13/03/2020,2711.02
16/03/2020,2386.13
17/03/2020,2529.19
18/03/2020,2398.1
19/03/2020,2409.39
20/03/2020,2304.92
23/03/2020,2237.4
24/03/2020,2447.33
25/03/2020,2475.56
26/03/2020,2630.07
27/03/2020,2541.47
30/03/2020,2626.65
31/03/2020,2584.59
01/04/2020,2470.5
02/04/2020,2526.9
03/04/2020,2488.65
06/04/2020,2663.68
07/04/2020,2659.41
08/04/2020,2749.98
09/04/2020,2789.82
13/04/2020,2761.63
14/04/2020,2846.06
15/04/2020,2783.36
16/04/2020,2799.55
17/04/2020,2874.56
20/04/2020,2823.16
21/04/2020,2736.56
22/04/2020,2799.31
23/04/2020,2797.8
24/04/2020,2836.74
27/04/2020,2878.48
28/04/2020,2863.39
29/04/2020,2939.51
30/04/2020,2912.43
01/05/2020,2830.71
04/05/2020,2842.74
05/05/2020,2868.44
06/05/2020,2848.42
07/05/2020,2881.19
08/05/2020,2929.8
11/05/2020,2930.32
12/05/2020,2870.12
13/05/2020,2820
14/05/2020,2852.5
15/05/2020,2863.7
18/05/2020,2953.91
19/05/2020,2922.94
20/05/2020,2971.61
21/05/2020,2948.51
22/05/2020,2955.45
26/05/2020,2991.77
27/05/2020,3036.13
28/05/2020,3029.73
29/05/2020,3044.31
01/06/2020,3055.73
02/06/2020,3080.82
03/06/2020,3122.87
04/06/2020,3112.35
05/06/2020,3193.93
08/06/2020,3232.39
09/06/2020,3207.18
10/06/2020,3190.14
11/06/2020,3002.1
12/06/2020,3041.31
15/06/2020,3066.59
16/06/2020,3124.74
17/06/2020,3113.49
18/06/2020,3115.34
19/06/2020,3097.74
22/06/2020,3117.86
23/06/2020,3131.29
24/06/2020,3050.33
25/06/2020,3083.76
26/06/2020,3009.05
29/06/2020,3053.24
30/06/2020,3100.29
01/07/2020,3115.86
02/07/2020,3130.01
06/07/2020,3179.72
07/07/2020,3145.32
08/07/2020,3169.94
09/07/2020,3152.05
10/07/2020,3185.04
13/07/2020,3155.22
14/07/2020,3197.52
15/07/2020,3226.56
16/07/2020,3215.57
17/07/2020,3224.73
20/07/2020,3251.84
21/07/2020,3257.3
22/07/2020,3276.02
23/07/2020,3235.66
24/07/2020,3215.63
27/07/2020,3239.41
28/07/2020,3218.44
29/07/2020,3258.44
30/07/2020,3246.22
31/07/2020,3271.12
03/08/2020,3294.61
04/08/2020,3306.51
05/08/2020,3327.77
06/08/2020,3349.16
07/08/2020,3351.28
10/08/2020,3360.47
11/08/2020,3333.69
12/08/2020,3380.35
13/08/2020,3373.43
14/08/2020,3372.85
17/08/2020,3381.99
18/08/2020,3389.78
19/08/2020,3374.85
20/08/2020,3385.51
21/08/2020,3397.16
24/08/2020,3431.28
25/08/2020,3443.62
26/08/2020,3478.73
27/08/2020,3484.55
28/08/2020,3508.01
31/08/2020,3500.31
01/09/2020,3526.65
02/09/2020,3580.84
03/09/2020,3455.06
04/09/2020,3426.96
08/09/2020,3331.84
09/09/2020,3398.96
10/09/2020,3339.19
11/09/2020,3340.97
14/09/2020,3383.54
15/09/2020,3401.2
16/09/2020,3385.49
17/09/2020,3357.01
18/09/2020,3319.47
21/09/2020,3281.06
22/09/2020,3315.57
23/09/2020,3236.92
24/09/2020,3246.59
25/09/2020,3298.46
28/09/2020,3351.6
29/09/2020,3335.47
30/09/2020,3363
01/10/2020,3380.8
02/10/2020,3348.44
05/10/2020,3408.63
06/10/2020,3360.95
07/10/2020,3419.45
08/10/2020,3446.83
09/10/2020,3477.13
12/10/2020,3534.22
13/10/2020,3511.93
14/10/2020,3488.67
15/10/2020,3483.34
16/10/2020,3483.81
19/10/2020,3426.92
20/10/2020,3443.12
21/10/2020,3435.56
22/10/2020,3453.49
23/10/2020,3465.39
26/10/2020,3400.97
27/10/2020,3390.68
28/10/2020,3271.03
29/10/2020,3310.11
30/10/2020,3269.96
02/11/2020,3310.24
03/11/2020,3369.16
04/11/2020,3443.44
05/11/2020,3510.45
06/11/2020,3509.44
09/11/2020,3550.5
10/11/2020,3545.53
11/11/2020,3572.66
12/11/2020,3537.01
13/11/2020,3585.15
16/11/2020,3626.91
17/11/2020,3609.53
18/11/2020,3567.79
19/11/2020,3581.87
20/11/2020,3557.54
23/11/2020,3577.59
24/11/2020,3635.41
25/11/2020,3629.65
27/11/2020,3638.35
30/11/2020,3621.63
01/12/2020,3662.45
02/12/2020,3669.01
03/12/2020,3666.72
04/12/2020,3699.12
07/12/2020,3691.96
08/12/2020,3702.25
09/12/2020,3672.82
10/12/2020,3668.1
11/12/2020,3663.46
14/12/2020,3647.49
15/12/2020,3694.62
16/12/2020,3701.17
17/12/2020,3722.48
18/12/2020,3709.41
21/12/2020,3694.92
22/12/2020,3687.26
23/12/2020,3690.01
24/12/2020,3703.06
28/12/2020,3735.36
29/12/2020,3727.04
30/12/2020,3732.04
31/12/2020,3756.07
04/01/2021,3700.65
05/01/2021,3726.86
06/01/2021,3748.14
07/01/2021,3803.79
08/01/2021,3824.68
11/01/2021,3799.61
12/01/2021,3801.19
13/01/2021,3809.84
14/01/2021,3795.54
15/01/2021,3768.25
19/01/2021,3798.91
20/01/2021,3851.85
21/01/2021,3853.07
22/01/2021,3841.47
25/01/2021,3855.36
26/01/2021,3849.62
27/01/2021,3750.77
28/01/2021,3787.38
29/01/2021,3714.24
01/02/2021,3773.86
02/02/2021,3826.31
03/02/2021,3830.17
04/02/2021,3871.74
05/02/2021,3886.83
08/02/2021,3915.59
09/02/2021,3911.23
10/02/2021,3909.88
11/02/2021,3916.38
12/02/2021,3934.83
16/02/2021,3932.59
17/02/2021,3931.33
18/02/2021,3913.97
19/02/2021,3906.71
22/02/2021,3876.5
23/02/2021,3881.37
24/02/2021,3925.43
25/02/2021,3829.34
26/02/2021,3811.15
01/03/2021,3901.82
02/03/2021,3870.29
03/03/2021,3819.72
04/03/2021,3768.47
05/03/2021,3841.94
08/03/2021,3821.35
09/03/2021,3875.44
10/03/2021,3898.81
11/03/2021,3939.34
12/03/2021,3943.34
15/03/2021,3968.94
16/03/2021,3962.71
17/03/2021,3974.12
18/03/2021,3915.46
19/03/2021,3913.1
22/03/2021,3940.59
23/03/2021,3910.52
24/03/2021,3889.14
25/03/2021,3909.52
26/03/2021,3974.54
29/03/2021,3971.09
30/03/2021,3958.55
31/03/2021,3972.89
01/04/2021,4019.87
05/04/2021,4077.91
06/04/2021,4073.94
07/04/2021,4079.95
08/04/2021,4097.17
09/04/2021,4128.8
12/04/2021,4127.99
13/04/2021,4141.59
14/04/2021,4124.66
15/04/2021,4170.42
16/04/2021,4185.47
19/04/2021,4163.26
20/04/2021,4134.94
21/04/2021,4173.42
22/04/2021,4134.98
23/04/2021,4180.17
26/04/2021,4187.62
27/04/2021,4186.72
28/04/2021,4183.18
29/04/2021,4211.47
30/04/2021,4181.17
03/05/2021,4192.66
04/05/2021,4164.66
05/05/2021,4167.59
06/05/2021,4201.62
07/05/2021,4232.6
10/05/2021,4188.43
11/05/2021,4152.1
12/05/2021,4063.04
13/05/2021,4112.5
14/05/2021,4173.85
17/05/2021,4163.29
18/05/2021,4127.83
19/05/2021,4115.68
20/05/2021,4159.12
21/05/2021,4155.86
24/05/2021,4197.05
25/05/2021,4188.13
26/05/2021,4195.99
27/05/2021,4200.88
28/05/2021,4204.11
01/06/2021,4202.04
02/06/2021,4208.12
03/06/2021,4192.85
04/06/2021,4229.89
07/06/2021,4226.52
08/06/2021,4227.26
09/06/2021,4219.55
10/06/2021,4239.18
11/06/2021,4247.44
14/06/2021,4255.15
15/06/2021,4246.59
16/06/2021,4223.7
17/06/2021,4221.86
18/06/2021,4166.45
21/06/2021,4224.79
22/06/2021,4246.44
23/06/2021,4241.84
24/06/2021,4266.49
25/06/2021,4280.7
28/06/2021,4290.61
29/06/2021,4291.8
30/06/2021,4297.5
01/07/2021,4319.94
02/07/2021,4352.34
06/07/2021,4343.54
07/07/2021,4358.13
08/07/2021,4320.82
09/07/2021,4369.55
12/07/2021,4384.63
13/07/2021,4369.21
14/07/2021,4374.3
15/07/2021,4360.03
16/07/2021,4327.16
19/07/2021,4258.49
20/07/2021,4323.06
21/07/2021,4358.69
22/07/2021,4367.48
23/07/2021,4411.79
26/07/2021,4422.3
27/07/2021,4401.46
28/07/2021,4400.64
29/07/2021,4419.15
30/07/2021,4395.26
02/08/2021,4387.16
03/08/2021,4423.15
04/08/2021,4402.66
05/08/2021,4429.1
06/08/2021,4436.52
09/08/2021,4432.35
10/08/2021,4436.75
11/08/2021,4447.7
12/08/2021,4460.83
13/08/2021,4468
16/08/2021,4479.71
17/08/2021,4448.08
18/08/2021,4400.27
19/08/2021,4405.8
20/08/2021,4441.67
23/08/2021,4479.53
24/08/2021,4486.23
25/08/2021,4496.19
26/08/2021,4470
27/08/2021,4509.37
30/08/2021,4528.79
31/08/2021,4522.68
01/09/2021,4524.09
02/09/2021,4536.95
03/09/2021,4535.43
07/09/2021,4520.03
08/09/2021,4514.07
09/09/2021,4493.28
10/09/2021,4458.58
13/09/2021,4468.73
14/09/2021,4443.05
15/09/2021,4480.7
16/09/2021,4473.75
17/09/2021,4432.99
20/09/2021,4357.73
21/09/2021,4354.19
22/09/2021,4395.64
23/09/2021,4448.98
24/09/2021,4455.48
27/09/2021,4443.11
28/09/2021,4352.63
29/09/2021,4359.46
30/09/2021,4307.54
01/10/2021,4357.04
04/10/2021,4300.46
05/10/2021,4345.72
06/10/2021,4363.55
07/10/2021,4399.76
08/10/2021,4391.34
11/10/2021,4361.19
12/10/2021,4350.65
13/10/2021,4363.8
14/10/2021,4438.26
15/10/2021,4471.37
18/10/2021,4486.46
19/10/2021,4519.63
20/10/2021,4536.19
21/10/2021,4549.78
22/10/2021,4544.9
25/10/2021,4566.48
26/10/2021,4574.79
27/10/2021,4551.68
28/10/2021,4596.42
29/10/2021,4605.38
01/11/2021,4613.67
02/11/2021,4630.65
03/11/2021,4660.57
04/11/2021,4680.06
05/11/2021,4697.53
08/11/2021,4701.7
09/11/2021,4685.25
10/11/2021,4646.71
11/11/2021,4649.27
12/11/2021,4682.85
15/11/2021,4682.8
16/11/2021,4700.9
17/11/2021,4688.67
18/11/2021,4704.54
19/11/2021,4697.96
22/11/2021,4682.94
23/11/2021,4690.7
24/11/2021,4701.46
26/11/2021,4594.62
29/11/2021,4655.27
30/11/2021,4567
01/12/2021,4513.04
02/12/2021,4577.1
03/12/2021,4538.43
06/12/2021,4591.67
07/12/2021,4686.75
08/12/2021,4701.21
09/12/2021,4667.45
10/12/2021,4712.02
13/12/2021,4668.97
14/12/2021,4634.09
15/12/2021,4709.85
16/12/2021,4668.67
17/12/2021,4620.64
20/12/2021,4568.02
21/12/2021,4649.23
22/12/2021,4696.56
23/12/2021,4725.79
27/12/2021,4791.19
28/12/2021,4786.35
29/12/2021,4793.06
30/12/2021,4778.73
31/12/2021,4766.18
03/01/2022,4796.56
04/01/2022,4793.54
05/01/2022,4700.58
06/01/2022,4696.05
07/01/2022,4677.03
10/01/2022,4670.29
11/01/2022,4713.07
12/01/2022,4726.35
13/01/2022,4659.03
14/01/2022,4662.85
18/01/2022,4577.11
19/01/2022,4532.76
20/01/2022,4482.73
21/01/2022,4397.94
24/01/2022,4410.13
25/01/2022,4356.45
26/01/2022,4349.93
27/01/2022,4326.51
28/01/2022,4431.85
31/01/2022,4515.55
01/02/2022,4546.54
02/02/2022,4589.38
03/02/2022,4477.44
04/02/2022,4500.53
07/02/2022,4483.87
08/02/2022,4521.54
09/02/2022,4587.18
10/02/2022,4504.08
11/02/2022,4418.64
14/02/2022,4401.67
15/02/2022,4471.07
16/02/2022,4475.01
17/02/2022,4380.26
18/02/2022,4348.87
22/02/2022,4304.76
23/02/2022,4225.5
24/02/2022,4288.7
25/02/2022,4384.65
28/02/2022,4373.94
01/03/2022,4306.26
02/03/2022,4386.54
03/03/2022,4363.49
04/03/2022,4328.87
07/03/2022,4201.09
08/03/2022,4170.7
09/03/2022,4277.88
10/03/2022,4259.52
11/03/2022,4204.31
14/03/2022,4173.11
15/03/2022,4262.45
16/03/2022,4357.86
17/03/2022,4411.67
18/03/2022,4463.12
21/03/2022,4461.18
22/03/2022,4511.61
23/03/2022,4456.24
24/03/2022,4520.16
25/03/2022,4543.06
28/03/2022,4575.52
29/03/2022,4631.6
30/03/2022,4602.45
31/03/2022,4530.41
01/04/2022,4545.86
04/04/2022,4582.64
05/04/2022,4525.12
06/04/2022,4481.15
07/04/2022,4500.21
08/04/2022,4488.28
11/04/2022,4412.53
12/04/2022,4397.45
13/04/2022,4446.59
14/04/2022,4392.59
18/04/2022,4391.69
19/04/2022,4462.21
20/04/2022,4459.45
21/04/2022,4393.66
22/04/2022,4271.78
25/04/2022,4296.12
26/04/2022,4175.2
27/04/2022,4183.96
28/04/2022,4287.5
29/04/2022,4131.93
02/05/2022,4155.38
03/05/2022,4175.48
04/05/2022,4300.17
05/05/2022,4146.87
06/05/2022,4123.34
09/05/2022,3991.24
10/05/2022,4001.05
11/05/2022,3935.18
12/05/2022,3930.08
13/05/2022,4023.89
16/05/2022,4008.01
17/05/2022,4088.85
18/05/2022,3923.68
19/05/2022,3900.79
20/05/2022,3901.36
23/05/2022,3973.75
24/05/2022,3941.48
25/05/2022,3978.73
26/05/2022,4057.84
27/05/2022,4158.24
31/05/2022,4132.15
01/06/2022,4101.23
02/06/2022,4176.82
03/06/2022,4108.54
06/06/2022,4121.43
07/06/2022,4160.68
08/06/2022,4115.77
09/06/2022,4017.82
10/06/2022,3900.86
13/06/2022,3749.63
14/06/2022,3735.48
15/06/2022,3789.99
16/06/2022,3666.77
17/06/2022,3674.84
21/06/2022,3764.79
22/06/2022,3759.89
23/06/2022,3795.73
24/06/2022,3911.74
27/06/2022,3900.11
28/06/2022,3821.55
29/06/2022,3818.83
30/06/2022,3785.38
01/07/2022,3825.33
05/07/2022,3831.39
06/07/2022,3845.08
07/07/2022,3902.62
08/07/2022,3899.38
11/07/2022,3854.43
12/07/2022,3818.8
13/07/2022,3801.78
14/07/2022,3790.38
15/07/2022,3863.16
18/07/2022,3830.85
19/07/2022,3936.69
20/07/2022,3959.9
21/07/2022,3998.95
22/07/2022,3961.63
25/07/2022,3966.84
26/07/2022,3921.05
27/07/2022,4023.61
28/07/2022,4072.43
29/07/2022,4130.29
01/08/2022,4118.63
02/08/2022,4091.19
03/08/2022,4155.17
04/08/2022,4151.94
05/08/2022,4145.19
08/08/2022,4140.06
09/08/2022,4122.47
10/08/2022,4210.24
11/08/2022,4207.27
12/08/2022,4280.15
15/08/2022,4297.14
16/08/2022,4305.2
17/08/2022,4274.04
18/08/2022,4283.74
19/08/2022,4228.48
22/08/2022,4137.99
23/08/2022,4128.73
24/08/2022,4140.77
25/08/2022,4199.12
26/08/2022,4057.66
29/08/2022,4030.61
30/08/2022,3986.16
31/08/2022,3955
01/09/2022,3966.85
02/09/2022,3924.26
06/09/2022,3908.19
07/09/2022,3979.87
08/09/2022,4006.18
09/09/2022,4067.36
12/09/2022,4110.41
13/09/2022,3932.69
14/09/2022,3946.01
15/09/2022,3901.35
16/09/2022,3873.33
19/09/2022,3899.89
20/09/2022,3855.93
21/09/2022,3789.93
22/09/2022,3757.99
23/09/2022,3693.23
26/09/2022,3655.04
27/09/2022,3647.29
28/09/2022,3719.04
29/09/2022,3640.47
30/09/2022,3585.62
03/10/2022,3678.43
04/10/2022,3790.93
05/10/2022,3783.28
06/10/2022,3744.52
07/10/2022,3639.66
10/10/2022,3612.39
11/10/2022,3588.84
12/10/2022,3577.03
13/10/2022,3669.91
14/10/2022,3583.07
17/10/2022,3677.95
18/10/2022,3719.98
19/10/2022,3695.16
20/10/2022,3665.78
21/10/2022,3752.75
24/10/2022,3797.34
25/10/2022,3859.11
26/10/2022,3830.6
27/10/2022,3807.3
28/10/2022,3901.06
31/10/2022,3871.98
01/11/2022,3856.1
02/11/2022,3759.69
03/11/2022,3719.89
04/11/2022,3770.55
07/11/2022,3806.8
08/11/2022,3828.11
09/11/2022,3748.57
10/11/2022,3956.37
11/11/2022,3992.93
14/11/2022,3957.25
15/11/2022,3991.73
16/11/2022,3958.79
17/11/2022,3946.56
18/11/2022,3965.34
21/11/2022,3949.94
22/11/2022,4003.58
23/11/2022,4027.26
25/11/2022,4026.12
28/11/2022,3963.94
29/11/2022,3957.63
30/11/2022,4080.11
01/12/2022,4076.57
02/12/2022,4071.7
05/12/2022,3998.84
06/12/2022,3941.26
07/12/2022,3933.92
08/12/2022,3963.51
09/12/2022,3934.38
12/12/2022,3990.56
13/12/2022,4019.65
14/12/2022,3995.32
15/12/2022,3895.75
16/12/2022,3852.36
17/12/2022,
18/12/2022,
19/12/2022,
20/12/2022,
21/12/2022,
22/12/2022,
23/12/2022,
24/12/2022,
25/12/2022,
26/12/2022,
27/12/2022,
28/12/2022,
29/12/2022,
30/12/2022,
31/12/2022,
01/01/2023,
02/01/2023,
03/01/2023,
04/01/2023,
05/01/2023,
06/01/2023,
