DATE,DFF
01/01/2012,0.04
02/01/2012,0.04
03/01/2012,0.07
04/01/2012,0.07
05/01/2012,0.07
06/01/2012,0.07
07/01/2012,0.07
08/01/2012,0.07
09/01/2012,0.08
10/01/2012,0.08
11/01/2012,0.08
12/01/2012,0.08
13/01/2012,0.09
14/01/2012,0.09
15/01/2012,0.09
16/01/2012,0.09
17/01/2012,0.09
18/01/2012,0.09
19/01/2012,0.1
20/01/2012,0.09
21/01/2012,0.09
22/01/2012,0.09
23/01/2012,0.09
24/01/2012,0.09
25/01/2012,0.08
26/01/2012,0.08
27/01/2012,0.09
28/01/2012,0.09
29/01/2012,0.09
30/01/2012,0.09
31/01/2012,0.11
01/02/2012,0.11
02/02/2012,0.11
03/02/2012,0.11
04/02/2012,0.11
05/02/2012,0.11
06/02/2012,0.11
07/02/2012,0.11
08/02/2012,0.11
09/02/2012,0.11
10/02/2012,0.12
11/02/2012,0.12
12/02/2012,0.12
13/02/2012,0.12
14/02/2012,0.12
15/02/2012,0.12
16/02/2012,0.11
17/02/2012,0.09
18/02/2012,0.09
19/02/2012,0.09
20/02/2012,0.09
21/02/2012,0.1
22/02/2012,0.08
23/02/2012,0.08
24/02/2012,0.09
25/02/2012,0.09
26/02/2012,0.09
27/02/2012,0.1
28/02/2012,0.1
29/02/2012,0.1
01/03/2012,0.11
02/03/2012,0.11
03/03/2012,0.11
04/03/2012,0.11
05/03/2012,0.11
06/03/2012,0.11
07/03/2012,0.11
08/03/2012,0.11
09/03/2012,0.12
10/03/2012,0.12
11/03/2012,0.12
12/03/2012,0.12
13/03/2012,0.12
14/03/2012,0.13
15/03/2012,0.14
16/03/2012,0.15
17/03/2012,0.15
18/03/2012,0.15
19/03/2012,0.15
20/03/2012,0.15
21/03/2012,0.15
22/03/2012,0.14
23/03/2012,0.14
24/03/2012,0.14
25/03/2012,0.14
26/03/2012,0.14
27/03/2012,0.14
28/03/2012,0.13
29/03/2012,0.13
30/03/2012,0.09
31/03/2012,0.09
01/04/2012,0.09
02/04/2012,0.15
03/04/2012,0.15
04/04/2012,0.15
05/04/2012,0.15
06/04/2012,0.12
07/04/2012,0.12
08/04/2012,0.12
09/04/2012,0.16
10/04/2012,0.15
11/04/2012,0.16
12/04/2012,0.15
13/04/2012,0.15
14/04/2012,0.15
15/04/2012,0.15
16/04/2012,0.15
17/04/2012,0.16
18/04/2012,0.15
19/04/2012,0.13
20/04/2012,0.12
21/04/2012,0.12
22/04/2012,0.12
23/04/2012,0.13
24/04/2012,0.14
25/04/2012,0.15
26/04/2012,0.14
27/04/2012,0.13
28/04/2012,0.13
29/04/2012,0.13
30/04/2012,0.16
01/05/2012,0.16
02/05/2012,0.15
03/05/2012,0.15
04/05/2012,0.16
05/05/2012,0.16
06/05/2012,0.16
07/05/2012,0.16
08/05/2012,0.16
09/05/2012,0.15
10/05/2012,0.15
11/05/2012,0.15
12/05/2012,0.15
13/05/2012,0.15
14/05/2012,0.16
15/05/2012,0.16
16/05/2012,0.16
17/05/2012,0.16
18/05/2012,0.16
19/05/2012,0.16
20/05/2012,0.16
21/05/2012,0.16
22/05/2012,0.16
23/05/2012,0.15
24/05/2012,0.15
25/05/2012,0.15
26/05/2012,0.15
27/05/2012,0.15
28/05/2012,0.15
29/05/2012,0.16
30/05/2012,0.16
31/05/2012,0.16
01/06/2012,0.16
02/06/2012,0.16
03/06/2012,0.16
04/06/2012,0.17
05/06/2012,0.17
06/06/2012,0.16
07/06/2012,0.16
08/06/2012,0.17
09/06/2012,0.17
10/06/2012,0.17
11/06/2012,0.17
12/06/2012,0.16
13/06/2012,0.17
14/06/2012,0.17
15/06/2012,0.18
16/06/2012,0.18
17/06/2012,0.18
18/06/2012,0.17
19/06/2012,0.17
20/06/2012,0.16
21/06/2012,0.17
22/06/2012,0.17
23/06/2012,0.17
24/06/2012,0.17
25/06/2012,0.17
26/06/2012,0.16
27/06/2012,0.15
28/06/2012,0.15
29/06/2012,0.09
30/06/2012,0.09
01/07/2012,0.09
02/07/2012,0.18
03/07/2012,0.17
04/07/2012,0.17
05/07/2012,0.17
06/07/2012,0.17
07/07/2012,0.17
08/07/2012,0.17
09/07/2012,0.17
10/07/2012,0.17
11/07/2012,0.17
12/07/2012,0.18
13/07/2012,0.19
14/07/2012,0.19
15/07/2012,0.19
16/07/2012,0.18
17/07/2012,0.17
18/07/2012,0.16
19/07/2012,0.13
20/07/2012,0.13
21/07/2012,0.13
22/07/2012,0.13
23/07/2012,0.14
24/07/2012,0.15
25/07/2012,0.15
26/07/2012,0.14
27/07/2012,0.14
28/07/2012,0.14
29/07/2012,0.14
30/07/2012,0.14
31/07/2012,0.13
01/08/2012,0.14
02/08/2012,0.14
03/08/2012,0.14
04/08/2012,0.14
05/08/2012,0.14
06/08/2012,0.14
07/08/2012,0.13
08/08/2012,0.13
09/08/2012,0.13
10/08/2012,0.13
11/08/2012,0.13
12/08/2012,0.13
13/08/2012,0.13
14/08/2012,0.13
15/08/2012,0.13
16/08/2012,0.13
17/08/2012,0.13
18/08/2012,0.13
19/08/2012,0.13
20/08/2012,0.13
21/08/2012,0.13
22/08/2012,0.13
23/08/2012,0.13
24/08/2012,0.13
25/08/2012,0.13
26/08/2012,0.13
27/08/2012,0.13
28/08/2012,0.13
29/08/2012,0.13
30/08/2012,0.14
31/08/2012,0.13
01/09/2012,0.13
02/09/2012,0.13
03/09/2012,0.13
04/09/2012,0.14
05/09/2012,0.16
06/09/2012,0.16
07/09/2012,0.15
08/09/2012,0.15
09/09/2012,0.15
10/09/2012,0.15
11/09/2012,0.15
12/09/2012,0.15
13/09/2012,0.15
14/09/2012,0.16
15/09/2012,0.16
16/09/2012,0.16
17/09/2012,0.16
18/09/2012,0.16
19/09/2012,0.15
20/09/2012,0.16
21/09/2012,0.15
22/09/2012,0.15
23/09/2012,0.15
24/09/2012,0.16
25/09/2012,0.15
26/09/2012,0.15
27/09/2012,0.14
28/09/2012,0.09
29/09/2012,0.09
30/09/2012,0.09
01/10/2012,0.15
02/10/2012,0.16
03/10/2012,0.16
04/10/2012,0.15
05/10/2012,0.15
06/10/2012,0.15
07/10/2012,0.15
08/10/2012,0.15
09/10/2012,0.16
10/10/2012,0.16
11/10/2012,0.16
12/10/2012,0.16
13/10/2012,0.16
14/10/2012,0.16
15/10/2012,0.16
16/10/2012,0.16
17/10/2012,0.15
18/10/2012,0.15
19/10/2012,0.16
20/10/2012,0.16
21/10/2012,0.16
22/10/2012,0.15
23/10/2012,0.15
24/10/2012,0.17
25/10/2012,0.16
26/10/2012,0.16
27/10/2012,0.16
28/10/2012,0.16
29/10/2012,0.17
30/10/2012,0.17
31/10/2012,0.18
01/11/2012,0.17
02/11/2012,0.16
03/11/2012,0.16
04/11/2012,0.16
05/11/2012,0.17
06/11/2012,0.16
07/11/2012,0.16
08/11/2012,0.16
09/11/2012,0.16
10/11/2012,0.16
11/11/2012,0.16
12/11/2012,0.16
13/11/2012,0.16
14/11/2012,0.16
15/11/2012,0.16
16/11/2012,0.16
17/11/2012,0.16
18/11/2012,0.16
19/11/2012,0.16
20/11/2012,0.16
21/11/2012,0.16
22/11/2012,0.16
23/11/2012,0.16
24/11/2012,0.16
25/11/2012,0.16
26/11/2012,0.16
27/11/2012,0.16
28/11/2012,0.16
29/11/2012,0.16
30/11/2012,0.16
01/12/2012,0.16
02/12/2012,0.16
03/12/2012,0.16
04/12/2012,0.17
05/12/2012,0.16
06/12/2012,0.16
07/12/2012,0.16
08/12/2012,0.16
09/12/2012,0.16
10/12/2012,0.16
11/12/2012,0.17
12/12/2012,0.17
13/12/2012,0.16
14/12/2012,0.17
15/12/2012,0.17
16/12/2012,0.17
17/12/2012,0.16
18/12/2012,0.17
19/12/2012,0.17
20/12/2012,0.17
21/12/2012,0.17
22/12/2012,0.17
23/12/2012,0.17
24/12/2012,0.18
25/12/2012,0.18
26/12/2012,0.17
27/12/2012,0.17
28/12/2012,0.17
29/12/2012,0.17
30/12/2012,0.17
31/12/2012,0.09
01/01/2013,0.09
02/01/2013,0.17
03/01/2013,0.17
04/01/2013,0.16
05/01/2013,0.16
06/01/2013,0.16
07/01/2013,0.16
08/01/2013,0.15
09/01/2013,0.14
10/01/2013,0.14
11/01/2013,0.14
12/01/2013,0.14
13/01/2013,0.14
14/01/2013,0.14
15/01/2013,0.15
16/01/2013,0.14
17/01/2013,0.14
18/01/2013,0.14
19/01/2013,0.14
20/01/2013,0.14
21/01/2013,0.14
22/01/2013,0.14
23/01/2013,0.13
24/01/2013,0.15
25/01/2013,0.14
26/01/2013,0.14
27/01/2013,0.14
28/01/2013,0.14
29/01/2013,0.12
30/01/2013,0.12
31/01/2013,0.15
01/02/2013,0.14
02/02/2013,0.14
03/02/2013,0.14
04/02/2013,0.13
05/02/2013,0.13
06/02/2013,0.13
07/02/2013,0.13
08/02/2013,0.14
09/02/2013,0.14
10/02/2013,0.14
11/02/2013,0.14
12/02/2013,0.13
13/02/2013,0.14
14/02/2013,0.14
15/02/2013,0.16
16/02/2013,0.16
17/02/2013,0.16
18/02/2013,0.16
19/02/2013,0.15
20/02/2013,0.15
21/02/2013,0.16
22/02/2013,0.16
23/02/2013,0.16
24/02/2013,0.16
25/02/2013,0.15
26/02/2013,0.14
27/02/2013,0.14
28/02/2013,0.14
01/03/2013,0.14
02/03/2013,0.14
03/03/2013,0.14
04/03/2013,0.16
05/03/2013,0.15
06/03/2013,0.15
07/03/2013,0.16
08/03/2013,0.15
09/03/2013,0.15
10/03/2013,0.15
11/03/2013,0.16
12/03/2013,0.15
13/03/2013,0.14
14/03/2013,0.15
15/03/2013,0.16
16/03/2013,0.16
17/03/2013,0.16
18/03/2013,0.16
19/03/2013,0.15
20/03/2013,0.15
21/03/2013,0.16
22/03/2013,0.15
23/03/2013,0.15
24/03/2013,0.15
25/03/2013,0.15
26/03/2013,0.14
27/03/2013,0.12
28/03/2013,0.13
29/03/2013,0.09
30/03/2013,0.09
31/03/2013,0.09
01/04/2013,0.16
02/04/2013,0.15
03/04/2013,0.14
04/04/2013,0.14
05/04/2013,0.15
06/04/2013,0.15
07/04/2013,0.15
08/04/2013,0.15
09/04/2013,0.15
10/04/2013,0.15
11/04/2013,0.15
12/04/2013,0.15
13/04/2013,0.15
14/04/2013,0.15
15/04/2013,0.15
16/04/2013,0.15
17/04/2013,0.15
18/04/2013,0.15
19/04/2013,0.15
20/04/2013,0.15
21/04/2013,0.15
22/04/2013,0.15
23/04/2013,0.14
24/04/2013,0.13
25/04/2013,0.13
26/04/2013,0.13
27/04/2013,0.13
28/04/2013,0.13
29/04/2013,0.13
30/04/2013,0.14
01/05/2013,0.14
02/05/2013,0.15
03/05/2013,0.14
04/05/2013,0.14
05/05/2013,0.14
06/05/2013,0.14
07/05/2013,0.12
08/05/2013,0.12
09/05/2013,0.12
10/05/2013,0.12
11/05/2013,0.12
12/05/2013,0.12
13/05/2013,0.12
14/05/2013,0.11
15/05/2013,0.12
16/05/2013,0.11
17/05/2013,0.1
18/05/2013,0.1
19/05/2013,0.1
20/05/2013,0.1
21/05/2013,0.09
22/05/2013,0.08
23/05/2013,0.08
24/05/2013,0.09
25/05/2013,0.09
26/05/2013,0.09
27/05/2013,0.09
28/05/2013,0.09
29/05/2013,0.08
30/05/2013,0.08
31/05/2013,0.09
01/06/2013,0.09
02/06/2013,0.09
03/06/2013,0.1
04/06/2013,0.11
05/06/2013,0.09
06/06/2013,0.1
07/06/2013,0.09
08/06/2013,0.09
09/06/2013,0.09
10/06/2013,0.09
11/06/2013,0.09
12/06/2013,0.08
13/06/2013,0.09
14/06/2013,0.1
15/06/2013,0.1
16/06/2013,0.1
17/06/2013,0.11
18/06/2013,0.12
19/06/2013,0.1
20/06/2013,0.1
21/06/2013,0.1
22/06/2013,0.1
23/06/2013,0.1
24/06/2013,0.1
25/06/2013,0.09
26/06/2013,0.09
27/06/2013,0.09
28/06/2013,0.07
29/06/2013,0.07
30/06/2013,0.07
01/07/2013,0.1
02/07/2013,0.1
03/07/2013,0.1
04/07/2013,0.1
05/07/2013,0.1
06/07/2013,0.1
07/07/2013,0.1
08/07/2013,0.1
09/07/2013,0.1
10/07/2013,0.09
11/07/2013,0.09
12/07/2013,0.09
13/07/2013,0.09
14/07/2013,0.09
15/07/2013,0.09
16/07/2013,0.09
17/07/2013,0.09
18/07/2013,0.09
19/07/2013,0.09
20/07/2013,0.09
21/07/2013,0.09
22/07/2013,0.09
23/07/2013,0.09
24/07/2013,0.09
25/07/2013,0.09
26/07/2013,0.09
27/07/2013,0.09
28/07/2013,0.09
29/07/2013,0.08
30/07/2013,0.09
31/07/2013,0.09
01/08/2013,0.08
02/08/2013,0.09
03/08/2013,0.09
04/08/2013,0.09
05/08/2013,0.08
06/08/2013,0.09
07/08/2013,0.09
08/08/2013,0.09
09/08/2013,0.08
10/08/2013,0.08
11/08/2013,0.08
12/08/2013,0.08
13/08/2013,0.08
14/08/2013,0.09
15/08/2013,0.08
16/08/2013,0.09
17/08/2013,0.09
18/08/2013,0.09
19/08/2013,0.09
20/08/2013,0.09
21/08/2013,0.08
22/08/2013,0.09
23/08/2013,0.08
24/08/2013,0.08
25/08/2013,0.08
26/08/2013,0.08
27/08/2013,0.07
28/08/2013,0.07
29/08/2013,0.08
30/08/2013,0.07
31/08/2013,0.07
01/09/2013,0.07
02/09/2013,0.07
03/09/2013,0.09
04/09/2013,0.08
05/09/2013,0.08
06/09/2013,0.08
07/09/2013,0.08
08/09/2013,0.08
09/09/2013,0.08
10/09/2013,0.08
11/09/2013,0.08
12/09/2013,0.08
13/09/2013,0.08
14/09/2013,0.08
15/09/2013,0.08
16/09/2013,0.08
17/09/2013,0.08
18/09/2013,0.08
19/09/2013,0.09
20/09/2013,0.08
21/09/2013,0.08
22/09/2013,0.08
23/09/2013,0.09
24/09/2013,0.09
25/09/2013,0.08
26/09/2013,0.08
27/09/2013,0.08
28/09/2013,0.08
29/09/2013,0.08
30/09/2013,0.06
01/10/2013,0.08
02/10/2013,0.07
03/10/2013,0.08
04/10/2013,0.08
05/10/2013,0.08
06/10/2013,0.08
07/10/2013,0.08
08/10/2013,0.08
09/10/2013,0.09
10/10/2013,0.09
11/10/2013,0.1
12/10/2013,0.1
13/10/2013,0.1
14/10/2013,0.1
15/10/2013,0.1
16/10/2013,0.11
17/10/2013,0.1
18/10/2013,0.1
19/10/2013,0.1
20/10/2013,0.1
21/10/2013,0.09
22/10/2013,0.08
23/10/2013,0.08
24/10/2013,0.08
25/10/2013,0.08
26/10/2013,0.08
27/10/2013,0.08
28/10/2013,0.08
29/10/2013,0.08
30/10/2013,0.08
31/10/2013,0.07
01/11/2013,0.08
02/11/2013,0.08
03/11/2013,0.08
04/11/2013,0.08
05/11/2013,0.08
06/11/2013,0.08
07/11/2013,0.08
08/11/2013,0.08
09/11/2013,0.08
10/11/2013,0.08
11/11/2013,0.08
12/11/2013,0.08
13/11/2013,0.08
14/11/2013,0.09
15/11/2013,0.09
16/11/2013,0.09
17/11/2013,0.09
18/11/2013,0.09
19/11/2013,0.09
20/11/2013,0.09
21/11/2013,0.09
22/11/2013,0.09
23/11/2013,0.09
24/11/2013,0.09
25/11/2013,0.09
26/11/2013,0.09
27/11/2013,0.09
28/11/2013,0.09
29/11/2013,0.07
30/11/2013,0.07
01/12/2013,0.07
02/12/2013,0.09
03/12/2013,0.09
04/12/2013,0.09
05/12/2013,0.09
06/12/2013,0.09
07/12/2013,0.09
08/12/2013,0.09
09/12/2013,0.09
10/12/2013,0.09
11/12/2013,0.08
12/12/2013,0.09
13/12/2013,0.08
14/12/2013,0.08
15/12/2013,0.08
16/12/2013,0.09
17/12/2013,0.09
18/12/2013,0.09
19/12/2013,0.09
20/12/2013,0.09
21/12/2013,0.09
22/12/2013,0.09
23/12/2013,0.09
24/12/2013,0.08
25/12/2013,0.08
26/12/2013,0.08
27/12/2013,0.08
28/12/2013,0.08
29/12/2013,0.08
30/12/2013,0.08
31/12/2013,0.07
01/01/2014,0.07
02/01/2014,0.08
03/01/2014,0.08
04/01/2014,0.08
05/01/2014,0.08
06/01/2014,0.08
07/01/2014,0.07
08/01/2014,0.07
09/01/2014,0.07
10/01/2014,0.07
11/01/2014,0.07
12/01/2014,0.07
13/01/2014,0.07
14/01/2014,0.07
15/01/2014,0.07
16/01/2014,0.07
17/01/2014,0.07
18/01/2014,0.07
19/01/2014,0.07
20/01/2014,0.07
21/01/2014,0.07
22/01/2014,0.07
23/01/2014,0.07
24/01/2014,0.07
25/01/2014,0.07
26/01/2014,0.07
27/01/2014,0.07
28/01/2014,0.07
29/01/2014,0.07
30/01/2014,0.07
31/01/2014,0.07
01/02/2014,0.07
02/02/2014,0.07
03/02/2014,0.07
04/02/2014,0.07
05/02/2014,0.07
06/02/2014,0.07
07/02/2014,0.06
08/02/2014,0.06
09/02/2014,0.06
10/02/2014,0.07
11/02/2014,0.06
12/02/2014,0.07
13/02/2014,0.06
14/02/2014,0.06
15/02/2014,0.06
16/02/2014,0.06
17/02/2014,0.06
18/02/2014,0.07
19/02/2014,0.07
20/02/2014,0.07
21/02/2014,0.07
22/02/2014,0.07
23/02/2014,0.07
24/02/2014,0.07
25/02/2014,0.07
26/02/2014,0.07
27/02/2014,0.07
28/02/2014,0.06
01/03/2014,0.06
02/03/2014,0.06
03/03/2014,0.07
04/03/2014,0.07
05/03/2014,0.08
06/03/2014,0.08
07/03/2014,0.08
08/03/2014,0.08
09/03/2014,0.08
10/03/2014,0.08
11/03/2014,0.08
12/03/2014,0.08
13/03/2014,0.08
14/03/2014,0.08
15/03/2014,0.08
16/03/2014,0.08
17/03/2014,0.08
18/03/2014,0.08
19/03/2014,0.08
20/03/2014,0.08
21/03/2014,0.08
22/03/2014,0.08
23/03/2014,0.08
24/03/2014,0.09
25/03/2014,0.09
26/03/2014,0.08
27/03/2014,0.08
28/03/2014,0.08
29/03/2014,0.08
30/03/2014,0.08
31/03/2014,0.06
01/04/2014,0.08
02/04/2014,0.09
03/04/2014,0.08
04/04/2014,0.08
05/04/2014,0.08
06/04/2014,0.08
07/04/2014,0.09
08/04/2014,0.08
09/04/2014,0.08
10/04/2014,0.08
11/04/2014,0.09
12/04/2014,0.09
13/04/2014,0.09
14/04/2014,0.09
15/04/2014,0.1
16/04/2014,0.09
17/04/2014,0.09
18/04/2014,0.1
19/04/2014,0.1
20/04/2014,0.1
21/04/2014,0.1
22/04/2014,0.1
23/04/2014,0.1
24/04/2014,0.1
25/04/2014,0.09
26/04/2014,0.09
27/04/2014,0.09
28/04/2014,0.09
29/04/2014,0.1
30/04/2014,0.09
01/05/2014,0.09
02/05/2014,0.09
03/05/2014,0.09
04/05/2014,0.09
05/05/2014,0.09
06/05/2014,0.09
07/05/2014,0.08
08/05/2014,0.08
09/05/2014,0.08
10/05/2014,0.08
11/05/2014,0.08
12/05/2014,0.08
13/05/2014,0.09
14/05/2014,0.08
15/05/2014,0.09
16/05/2014,0.09
17/05/2014,0.09
18/05/2014,0.09
19/05/2014,0.09
20/05/2014,0.09
21/05/2014,0.09
22/05/2014,0.09
23/05/2014,0.09
24/05/2014,0.09
25/05/2014,0.09
26/05/2014,0.09
27/05/2014,0.09
28/05/2014,0.09
29/05/2014,0.09
30/05/2014,0.08
31/05/2014,0.08
01/06/2014,0.08
02/06/2014,0.09
03/06/2014,0.1
04/06/2014,0.09
05/06/2014,0.09
06/06/2014,0.09
07/06/2014,0.09
08/06/2014,0.09
09/06/2014,0.09
10/06/2014,0.09
11/06/2014,0.09
12/06/2014,0.09
13/06/2014,0.1
14/06/2014,0.1
15/06/2014,0.1
16/06/2014,0.1
17/06/2014,0.1
18/06/2014,0.1
19/06/2014,0.1
20/06/2014,0.1
21/06/2014,0.1
22/06/2014,0.1
23/06/2014,0.1
24/06/2014,0.1
25/06/2014,0.1
26/06/2014,0.1
27/06/2014,0.1
28/06/2014,0.1
29/06/2014,0.1
30/06/2014,0.09
01/07/2014,0.1
02/07/2014,0.1
03/07/2014,0.09
04/07/2014,0.09
05/07/2014,0.09
06/07/2014,0.09
07/07/2014,0.1
08/07/2014,0.09
09/07/2014,0.09
10/07/2014,0.09
11/07/2014,0.09
12/07/2014,0.09
13/07/2014,0.09
14/07/2014,0.09
15/07/2014,0.09
16/07/2014,0.09
17/07/2014,0.09
18/07/2014,0.09
19/07/2014,0.09
20/07/2014,0.09
21/07/2014,0.1
22/07/2014,0.09
23/07/2014,0.09
24/07/2014,0.09
25/07/2014,0.09
26/07/2014,0.09
27/07/2014,0.09
28/07/2014,0.09
29/07/2014,0.09
30/07/2014,0.09
31/07/2014,0.08
01/08/2014,0.09
02/08/2014,0.09
03/08/2014,0.09
04/08/2014,0.09
05/08/2014,0.09
06/08/2014,0.09
07/08/2014,0.09
08/08/2014,0.09
09/08/2014,0.09
10/08/2014,0.09
11/08/2014,0.09
12/08/2014,0.09
13/08/2014,0.09
14/08/2014,0.09
15/08/2014,0.09
16/08/2014,0.09
17/08/2014,0.09
18/08/2014,0.09
19/08/2014,0.09
20/08/2014,0.09
21/08/2014,0.09
22/08/2014,0.09
23/08/2014,0.09
24/08/2014,0.09
25/08/2014,0.09
26/08/2014,0.09
27/08/2014,0.09
28/08/2014,0.09
29/08/2014,0.07
30/08/2014,0.07
31/08/2014,0.07
01/09/2014,0.07
02/09/2014,0.09
03/09/2014,0.09
04/09/2014,0.09
05/09/2014,0.09
06/09/2014,0.09
07/09/2014,0.09
08/09/2014,0.09
09/09/2014,0.09
10/09/2014,0.09
11/09/2014,0.09
12/09/2014,0.09
13/09/2014,0.09
14/09/2014,0.09
15/09/2014,0.09
16/09/2014,0.09
17/09/2014,0.09
18/09/2014,0.09
19/09/2014,0.09
20/09/2014,0.09
21/09/2014,0.09
22/09/2014,0.09
23/09/2014,0.09
24/09/2014,0.09
25/09/2014,0.09
26/09/2014,0.09
27/09/2014,0.09
28/09/2014,0.09
29/09/2014,0.08
30/09/2014,0.07
01/10/2014,0.09
02/10/2014,0.09
03/10/2014,0.09
04/10/2014,0.09
05/10/2014,0.09
06/10/2014,0.09
07/10/2014,0.09
08/10/2014,0.09
09/10/2014,0.08
10/10/2014,0.09
11/10/2014,0.09
12/10/2014,0.09
13/10/2014,0.09
14/10/2014,0.09
15/10/2014,0.09
16/10/2014,0.09
17/10/2014,0.09
18/10/2014,0.09
19/10/2014,0.09
20/10/2014,0.09
21/10/2014,0.09
22/10/2014,0.09
23/10/2014,0.09
24/10/2014,0.09
25/10/2014,0.09
26/10/2014,0.09
27/10/2014,0.09
28/10/2014,0.09
29/10/2014,0.09
30/10/2014,0.09
31/10/2014,0.07
01/11/2014,0.07
02/11/2014,0.07
03/11/2014,0.09
04/11/2014,0.1
05/11/2014,0.09
06/11/2014,0.09
07/11/2014,0.09
08/11/2014,0.09
09/11/2014,0.09
10/11/2014,0.09
11/11/2014,0.09
12/11/2014,0.09
13/11/2014,0.09
14/11/2014,0.09
15/11/2014,0.09
16/11/2014,0.09
17/11/2014,0.1
18/11/2014,0.11
19/11/2014,0.1
20/11/2014,0.1
21/11/2014,0.1
22/11/2014,0.1
23/11/2014,0.1
24/11/2014,0.1
25/11/2014,0.1
26/11/2014,0.1
27/11/2014,0.1
28/11/2014,0.08
29/11/2014,0.08
30/11/2014,0.08
01/12/2014,0.13
02/12/2014,0.12
03/12/2014,0.12
04/12/2014,0.12
05/12/2014,0.12
06/12/2014,0.12
07/12/2014,0.12
08/12/2014,0.12
09/12/2014,0.12
10/12/2014,0.12
11/12/2014,0.12
12/12/2014,0.12
13/12/2014,0.12
14/12/2014,0.12
15/12/2014,0.11
16/12/2014,0.12
17/12/2014,0.13
18/12/2014,0.13
19/12/2014,0.13
20/12/2014,0.13
21/12/2014,0.13
22/12/2014,0.13
23/12/2014,0.13
24/12/2014,0.13
25/12/2014,0.13
26/12/2014,0.13
27/12/2014,0.13
28/12/2014,0.13
29/12/2014,0.13
30/12/2014,0.13
31/12/2014,0.06
01/01/2015,0.06
02/01/2015,0.12
03/01/2015,0.12
04/01/2015,0.12
05/01/2015,0.12
06/01/2015,0.12
07/01/2015,0.12
08/01/2015,0.12
09/01/2015,0.12
10/01/2015,0.12
11/01/2015,0.12
12/01/2015,0.12
13/01/2015,0.12
14/01/2015,0.12
15/01/2015,0.12
16/01/2015,0.13
17/01/2015,0.13
18/01/2015,0.13
19/01/2015,0.13
20/01/2015,0.12
21/01/2015,0.12
22/01/2015,0.12
23/01/2015,0.12
24/01/2015,0.12
25/01/2015,0.12
26/01/2015,0.12
27/01/2015,0.11
28/01/2015,0.12
29/01/2015,0.11
30/01/2015,0.06
31/01/2015,0.06
01/02/2015,0.06
02/02/2015,0.12
03/02/2015,0.12
04/02/2015,0.11
05/02/2015,0.12
06/02/2015,0.11
07/02/2015,0.11
08/02/2015,0.11
09/02/2015,0.12
10/02/2015,0.12
11/02/2015,0.12
12/02/2015,0.12
13/02/2015,0.12
14/02/2015,0.12
15/02/2015,0.12
16/02/2015,0.12
17/02/2015,0.12
18/02/2015,0.12
19/02/2015,0.12
20/02/2015,0.12
21/02/2015,0.12
22/02/2015,0.12
23/02/2015,0.11
24/02/2015,0.11
25/02/2015,0.11
26/02/2015,0.11
27/02/2015,0.06
28/02/2015,0.06
01/03/2015,0.06
02/03/2015,0.12
03/03/2015,0.12
04/03/2015,0.11
05/03/2015,0.11
06/03/2015,0.12
07/03/2015,0.12
08/03/2015,0.12
09/03/2015,0.12
10/03/2015,0.12
11/03/2015,0.11
12/03/2015,0.11
13/03/2015,0.11
14/03/2015,0.11
15/03/2015,0.11
16/03/2015,0.12
17/03/2015,0.12
18/03/2015,0.11
19/03/2015,0.12
20/03/2015,0.12
21/03/2015,0.12
22/03/2015,0.12
23/03/2015,0.12
24/03/2015,0.11
25/03/2015,0.12
26/03/2015,0.11
27/03/2015,0.12
28/03/2015,0.12
29/03/2015,0.12
30/03/2015,0.12
31/03/2015,0.06
01/04/2015,0.12
02/04/2015,0.12
03/04/2015,0.12
04/04/2015,0.12
05/04/2015,0.12
06/04/2015,0.13
07/04/2015,0.12
08/04/2015,0.12
09/04/2015,0.12
10/04/2015,0.12
11/04/2015,0.12
12/04/2015,0.12
13/04/2015,0.13
14/04/2015,0.13
15/04/2015,0.13
16/04/2015,0.13
17/04/2015,0.13
18/04/2015,0.13
19/04/2015,0.13
20/04/2015,0.13
21/04/2015,0.13
22/04/2015,0.13
23/04/2015,0.13
24/04/2015,0.13
25/04/2015,0.13
26/04/2015,0.13
27/04/2015,0.13
28/04/2015,0.13
29/04/2015,0.13
30/04/2015,0.08
01/05/2015,0.13
02/05/2015,0.13
03/05/2015,0.13
04/05/2015,0.13
05/05/2015,0.13
06/05/2015,0.13
07/05/2015,0.13
08/05/2015,0.13
09/05/2015,0.13
10/05/2015,0.13
11/05/2015,0.13
12/05/2015,0.13
13/05/2015,0.13
14/05/2015,0.13
15/05/2015,0.13
16/05/2015,0.13
17/05/2015,0.13
18/05/2015,0.13
19/05/2015,0.12
20/05/2015,0.12
21/05/2015,0.12
22/05/2015,0.13
23/05/2015,0.13
24/05/2015,0.13
25/05/2015,0.13
26/05/2015,0.12
27/05/2015,0.12
28/05/2015,0.12
29/05/2015,0.08
30/05/2015,0.08
31/05/2015,0.08
01/06/2015,0.12
02/06/2015,0.12
03/06/2015,0.13
04/06/2015,0.13
05/06/2015,0.13
06/06/2015,0.13
07/06/2015,0.13
08/06/2015,0.13
09/06/2015,0.13
10/06/2015,0.13
11/06/2015,0.13
12/06/2015,0.13
13/06/2015,0.13
14/06/2015,0.13
15/06/2015,0.13
16/06/2015,0.14
17/06/2015,0.14
18/06/2015,0.14
19/06/2015,0.13
20/06/2015,0.13
21/06/2015,0.13
22/06/2015,0.13
23/06/2015,0.13
24/06/2015,0.13
25/06/2015,0.13
26/06/2015,0.13
27/06/2015,0.13
28/06/2015,0.13
29/06/2015,0.14
30/06/2015,0.08
01/07/2015,0.13
02/07/2015,0.13
03/07/2015,0.13
04/07/2015,0.13
05/07/2015,0.13
06/07/2015,0.13
07/07/2015,0.13
08/07/2015,0.13
09/07/2015,0.13
10/07/2015,0.13
11/07/2015,0.13
12/07/2015,0.13
13/07/2015,0.13
14/07/2015,0.13
15/07/2015,0.13
16/07/2015,0.14
17/07/2015,0.13
18/07/2015,0.13
19/07/2015,0.13
20/07/2015,0.14
21/07/2015,0.13
22/07/2015,0.13
23/07/2015,0.13
24/07/2015,0.13
25/07/2015,0.13
26/07/2015,0.13
27/07/2015,0.14
28/07/2015,0.14
29/07/2015,0.14
30/07/2015,0.14
31/07/2015,0.08
01/08/2015,0.08
02/08/2015,0.08
03/08/2015,0.14
04/08/2015,0.14
05/08/2015,0.14
06/08/2015,0.14
07/08/2015,0.14
08/08/2015,0.14
09/08/2015,0.14
10/08/2015,0.14
11/08/2015,0.15
12/08/2015,0.15
13/08/2015,0.15
14/08/2015,0.14
15/08/2015,0.14
16/08/2015,0.14
17/08/2015,0.15
18/08/2015,0.15
19/08/2015,0.15
20/08/2015,0.15
21/08/2015,0.15
22/08/2015,0.15
23/08/2015,0.15
24/08/2015,0.15
25/08/2015,0.15
26/08/2015,0.14
27/08/2015,0.14
28/08/2015,0.14
29/08/2015,0.14
30/08/2015,0.14
31/08/2015,0.08
01/09/2015,0.14
02/09/2015,0.14
03/09/2015,0.14
04/09/2015,0.14
05/09/2015,0.14
06/09/2015,0.14
07/09/2015,0.14
08/09/2015,0.14
09/09/2015,0.14
10/09/2015,0.14
11/09/2015,0.14
12/09/2015,0.14
13/09/2015,0.14
14/09/2015,0.14
15/09/2015,0.14
16/09/2015,0.14
17/09/2015,0.14
18/09/2015,0.14
19/09/2015,0.14
20/09/2015,0.14
21/09/2015,0.14
22/09/2015,0.14
23/09/2015,0.14
24/09/2015,0.14
25/09/2015,0.13
26/09/2015,0.13
27/09/2015,0.13
28/09/2015,0.13
29/09/2015,0.13
30/09/2015,0.07
01/10/2015,0.13
02/10/2015,0.13
03/10/2015,0.13
04/10/2015,0.13
05/10/2015,0.13
06/10/2015,0.13
07/10/2015,0.13
08/10/2015,0.13
09/10/2015,0.13
10/10/2015,0.13
11/10/2015,0.13
12/10/2015,0.13
13/10/2015,0.13
14/10/2015,0.13
15/10/2015,0.13
16/10/2015,0.13
17/10/2015,0.13
18/10/2015,0.13
19/10/2015,0.13
20/10/2015,0.13
21/10/2015,0.13
22/10/2015,0.12
23/10/2015,0.12
24/10/2015,0.12
25/10/2015,0.12
26/10/2015,0.12
27/10/2015,0.12
28/10/2015,0.12
29/10/2015,0.12
30/10/2015,0.07
31/10/2015,0.07
01/11/2015,0.07
02/11/2015,0.12
03/11/2015,0.12
04/11/2015,0.12
05/11/2015,0.12
06/11/2015,0.12
07/11/2015,0.12
08/11/2015,0.12
09/11/2015,0.12
10/11/2015,0.12
11/11/2015,0.12
12/11/2015,0.12
13/11/2015,0.12
14/11/2015,0.12
15/11/2015,0.12
16/11/2015,0.13
17/11/2015,0.13
18/11/2015,0.12
19/11/2015,0.12
20/11/2015,0.12
21/11/2015,0.12
22/11/2015,0.12
23/11/2015,0.12
24/11/2015,0.12
25/11/2015,0.12
26/11/2015,0.12
27/11/2015,0.12
28/11/2015,0.12
29/11/2015,0.12
30/11/2015,0.08
01/12/2015,0.13
02/12/2015,0.13
03/12/2015,0.13
04/12/2015,0.13
05/12/2015,0.13
06/12/2015,0.13
07/12/2015,0.13
08/12/2015,0.13
09/12/2015,0.14
10/12/2015,0.14
11/12/2015,0.14
12/12/2015,0.14
13/12/2015,0.14
14/12/2015,0.15
15/12/2015,0.15
16/12/2015,0.15
17/12/2015,0.37
18/12/2015,0.37
19/12/2015,0.37
20/12/2015,0.37
21/12/2015,0.36
22/12/2015,0.36
23/12/2015,0.36
24/12/2015,0.36
25/12/2015,0.36
26/12/2015,0.36
27/12/2015,0.36
28/12/2015,0.36
29/12/2015,0.36
30/12/2015,0.35
31/12/2015,0.2
01/01/2016,0.2
02/01/2016,0.2
03/01/2016,0.2
04/01/2016,0.36
05/01/2016,0.36
06/01/2016,0.36
07/01/2016,0.36
08/01/2016,0.36
09/01/2016,0.36
10/01/2016,0.36
11/01/2016,0.36
12/01/2016,0.36
13/01/2016,0.36
14/01/2016,0.36
15/01/2016,0.36
16/01/2016,0.36
17/01/2016,0.36
18/01/2016,0.36
19/01/2016,0.36
20/01/2016,0.37
21/01/2016,0.37
22/01/2016,0.38
23/01/2016,0.38
24/01/2016,0.38
25/01/2016,0.38
26/01/2016,0.38
27/01/2016,0.38
28/01/2016,0.38
29/01/2016,0.29
30/01/2016,0.29
31/01/2016,0.29
01/02/2016,0.38
02/02/2016,0.38
03/02/2016,0.38
04/02/2016,0.38
05/02/2016,0.38
06/02/2016,0.38
07/02/2016,0.38
08/02/2016,0.38
09/02/2016,0.38
10/02/2016,0.38
11/02/2016,0.38
12/02/2016,0.38
13/02/2016,0.38
14/02/2016,0.38
15/02/2016,0.38
16/02/2016,0.38
17/02/2016,0.37
18/02/2016,0.38
19/02/2016,0.38
20/02/2016,0.38
21/02/2016,0.38
22/02/2016,0.38
23/02/2016,0.38
24/02/2016,0.38
25/02/2016,0.37
26/02/2016,0.37
27/02/2016,0.37
28/02/2016,0.37
29/02/2016,0.29
01/03/2016,0.36
02/03/2016,0.37
03/03/2016,0.37
04/03/2016,0.36
05/03/2016,0.36
06/03/2016,0.36
07/03/2016,0.36
08/03/2016,0.36
09/03/2016,0.36
10/03/2016,0.36
11/03/2016,0.36
12/03/2016,0.36
13/03/2016,0.36
14/03/2016,0.36
15/03/2016,0.37
16/03/2016,0.37
17/03/2016,0.37
18/03/2016,0.37
19/03/2016,0.37
20/03/2016,0.37
21/03/2016,0.37
22/03/2016,0.37
23/03/2016,0.37
24/03/2016,0.37
25/03/2016,0.37
26/03/2016,0.37
27/03/2016,0.37
28/03/2016,0.37
29/03/2016,0.37
30/03/2016,0.37
31/03/2016,0.25
01/04/2016,0.37
02/04/2016,0.37
03/04/2016,0.37
04/04/2016,0.37
05/04/2016,0.37
06/04/2016,0.37
07/04/2016,0.37
08/04/2016,0.37
09/04/2016,0.37
10/04/2016,0.37
11/04/2016,0.37
12/04/2016,0.37
13/04/2016,0.37
14/04/2016,0.37
15/04/2016,0.37
16/04/2016,0.37
17/04/2016,0.37
18/04/2016,0.37
19/04/2016,0.37
20/04/2016,0.37
21/04/2016,0.37
22/04/2016,0.37
23/04/2016,0.37
24/04/2016,0.37
25/04/2016,0.37
26/04/2016,0.37
27/04/2016,0.37
28/04/2016,0.37
29/04/2016,0.3
30/04/2016,0.3
01/05/2016,0.3
02/05/2016,0.37
03/05/2016,0.37
04/05/2016,0.37
05/05/2016,0.37
06/05/2016,0.37
07/05/2016,0.37
08/05/2016,0.37
09/05/2016,0.37
10/05/2016,0.37
11/05/2016,0.37
12/05/2016,0.37
13/05/2016,0.37
14/05/2016,0.37
15/05/2016,0.37
16/05/2016,0.37
17/05/2016,0.37
18/05/2016,0.37
19/05/2016,0.37
20/05/2016,0.37
21/05/2016,0.37
22/05/2016,0.37
23/05/2016,0.37
24/05/2016,0.37
25/05/2016,0.37
26/05/2016,0.37
27/05/2016,0.37
28/05/2016,0.37
29/05/2016,0.37
30/05/2016,0.37
31/05/2016,0.29
01/06/2016,0.37
02/06/2016,0.37
03/06/2016,0.37
04/06/2016,0.37
05/06/2016,0.37
06/06/2016,0.37
07/06/2016,0.37
08/06/2016,0.37
09/06/2016,0.37
10/06/2016,0.37
11/06/2016,0.37
12/06/2016,0.37
13/06/2016,0.37
14/06/2016,0.37
15/06/2016,0.37
16/06/2016,0.38
17/06/2016,0.38
18/06/2016,0.38
19/06/2016,0.38
20/06/2016,0.38
21/06/2016,0.38
22/06/2016,0.38
23/06/2016,0.39
24/06/2016,0.4
25/06/2016,0.4
26/06/2016,0.4
27/06/2016,0.41
28/06/2016,0.41
29/06/2016,0.41
30/06/2016,0.3
01/07/2016,0.41
02/07/2016,0.41
03/07/2016,0.41
04/07/2016,0.41
05/07/2016,0.4
06/07/2016,0.4
07/07/2016,0.4
08/07/2016,0.4
09/07/2016,0.4
10/07/2016,0.4
11/07/2016,0.4
12/07/2016,0.4
13/07/2016,0.4
14/07/2016,0.4
15/07/2016,0.4
16/07/2016,0.4
17/07/2016,0.4
18/07/2016,0.4
19/07/2016,0.4
20/07/2016,0.4
21/07/2016,0.4
22/07/2016,0.4
23/07/2016,0.4
24/07/2016,0.4
25/07/2016,0.4
26/07/2016,0.4
27/07/2016,0.4
28/07/2016,0.4
29/07/2016,0.3
30/07/2016,0.3
31/07/2016,0.3
01/08/2016,0.4
02/08/2016,0.4
03/08/2016,0.4
04/08/2016,0.4
05/08/2016,0.4
06/08/2016,0.4
07/08/2016,0.4
08/08/2016,0.4
09/08/2016,0.4
10/08/2016,0.4
11/08/2016,0.4
12/08/2016,0.4
13/08/2016,0.4
14/08/2016,0.4
15/08/2016,0.4
16/08/2016,0.4
17/08/2016,0.4
18/08/2016,0.4
19/08/2016,0.4
20/08/2016,0.4
21/08/2016,0.4
22/08/2016,0.4
23/08/2016,0.4
24/08/2016,0.4
25/08/2016,0.4
26/08/2016,0.4
27/08/2016,0.4
28/08/2016,0.4
29/08/2016,0.4
30/08/2016,0.4
31/08/2016,0.3
01/09/2016,0.4
02/09/2016,0.4
03/09/2016,0.4
04/09/2016,0.4
05/09/2016,0.4
06/09/2016,0.4
07/09/2016,0.4
08/09/2016,0.4
09/09/2016,0.4
10/09/2016,0.4
11/09/2016,0.4
12/09/2016,0.4
13/09/2016,0.4
14/09/2016,0.4
15/09/2016,0.4
16/09/2016,0.4
17/09/2016,0.4
18/09/2016,0.4
19/09/2016,0.4
20/09/2016,0.4
21/09/2016,0.4
22/09/2016,0.4
23/09/2016,0.4
24/09/2016,0.4
25/09/2016,0.4
26/09/2016,0.4
27/09/2016,0.4
28/09/2016,0.4
29/09/2016,0.4
30/09/2016,0.29
01/10/2016,0.29
02/10/2016,0.29
03/10/2016,0.4
04/10/2016,0.4
05/10/2016,0.4
06/10/2016,0.4
07/10/2016,0.4
08/10/2016,0.4
09/10/2016,0.4
10/10/2016,0.4
11/10/2016,0.41
12/10/2016,0.41
13/10/2016,0.41
14/10/2016,0.41
15/10/2016,0.41
16/10/2016,0.41
17/10/2016,0.41
18/10/2016,0.41
19/10/2016,0.41
20/10/2016,0.41
21/10/2016,0.41
22/10/2016,0.41
23/10/2016,0.41
24/10/2016,0.41
25/10/2016,0.41
26/10/2016,0.41
27/10/2016,0.41
28/10/2016,0.41
29/10/2016,0.41
30/10/2016,0.41
31/10/2016,0.31
01/11/2016,0.41
02/11/2016,0.41
03/11/2016,0.41
04/11/2016,0.41
05/11/2016,0.41
06/11/2016,0.41
07/11/2016,0.41
08/11/2016,0.41
09/11/2016,0.41
10/11/2016,0.41
11/11/2016,0.41
12/11/2016,0.41
13/11/2016,0.41
14/11/2016,0.41
15/11/2016,0.41
16/11/2016,0.41
17/11/2016,0.41
18/11/2016,0.41
19/11/2016,0.41
20/11/2016,0.41
21/11/2016,0.41
22/11/2016,0.41
23/11/2016,0.41
24/11/2016,0.41
25/11/2016,0.41
26/11/2016,0.41
27/11/2016,0.41
28/11/2016,0.41
29/11/2016,0.41
30/11/2016,0.31
01/12/2016,0.41
02/12/2016,0.41
03/12/2016,0.41
04/12/2016,0.41
05/12/2016,0.41
06/12/2016,0.41
07/12/2016,0.41
08/12/2016,0.41
09/12/2016,0.41
10/12/2016,0.41
11/12/2016,0.41
12/12/2016,0.41
13/12/2016,0.41
14/12/2016,0.41
15/12/2016,0.66
16/12/2016,0.66
17/12/2016,0.66
18/12/2016,0.66
19/12/2016,0.66
20/12/2016,0.66
21/12/2016,0.66
22/12/2016,0.66
23/12/2016,0.66
24/12/2016,0.66
25/12/2016,0.66
26/12/2016,0.66
27/12/2016,0.66
28/12/2016,0.66
29/12/2016,0.66
30/12/2016,0.55
31/12/2016,0.55
01/01/2017,0.55
02/01/2017,0.55
03/01/2017,0.66
04/01/2017,0.66
05/01/2017,0.66
06/01/2017,0.66
07/01/2017,0.66
08/01/2017,0.66
09/01/2017,0.66
10/01/2017,0.66
11/01/2017,0.66
12/01/2017,0.66
13/01/2017,0.66
14/01/2017,0.66
15/01/2017,0.66
16/01/2017,0.66
17/01/2017,0.66
18/01/2017,0.66
19/01/2017,0.66
20/01/2017,0.66
21/01/2017,0.66
22/01/2017,0.66
23/01/2017,0.66
24/01/2017,0.66
25/01/2017,0.66
26/01/2017,0.66
27/01/2017,0.66
28/01/2017,0.66
29/01/2017,0.66
30/01/2017,0.66
31/01/2017,0.56
01/02/2017,0.66
02/02/2017,0.66
03/02/2017,0.66
04/02/2017,0.66
05/02/2017,0.66
06/02/2017,0.66
07/02/2017,0.66
08/02/2017,0.66
09/02/2017,0.66
10/02/2017,0.66
11/02/2017,0.66
12/02/2017,0.66
13/02/2017,0.66
14/02/2017,0.66
15/02/2017,0.66
16/02/2017,0.66
17/02/2017,0.66
18/02/2017,0.66
19/02/2017,0.66
20/02/2017,0.66
21/02/2017,0.66
22/02/2017,0.66
23/02/2017,0.66
24/02/2017,0.66
25/02/2017,0.66
26/02/2017,0.66
27/02/2017,0.66
28/02/2017,0.57
01/03/2017,0.66
02/03/2017,0.66
03/03/2017,0.66
04/03/2017,0.66
05/03/2017,0.66
06/03/2017,0.66
07/03/2017,0.66
08/03/2017,0.66
09/03/2017,0.66
10/03/2017,0.66
11/03/2017,0.66
12/03/2017,0.66
13/03/2017,0.66
14/03/2017,0.66
15/03/2017,0.66
16/03/2017,0.91
17/03/2017,0.91
18/03/2017,0.91
19/03/2017,0.91
20/03/2017,0.91
21/03/2017,0.91
22/03/2017,0.91
23/03/2017,0.91
24/03/2017,0.91
25/03/2017,0.91
26/03/2017,0.91
27/03/2017,0.91
28/03/2017,0.91
29/03/2017,0.91
30/03/2017,0.91
31/03/2017,0.82
01/04/2017,0.82
02/04/2017,0.82
03/04/2017,0.91
04/04/2017,0.91
05/04/2017,0.91
06/04/2017,0.91
07/04/2017,0.91
08/04/2017,0.91
09/04/2017,0.91
10/04/2017,0.91
11/04/2017,0.91
12/04/2017,0.91
13/04/2017,0.91
14/04/2017,0.91
15/04/2017,0.91
16/04/2017,0.91
17/04/2017,0.91
18/04/2017,0.91
19/04/2017,0.91
20/04/2017,0.91
21/04/2017,0.91
22/04/2017,0.91
23/04/2017,0.91
24/04/2017,0.91
25/04/2017,0.91
26/04/2017,0.91
27/04/2017,0.91
28/04/2017,0.83
29/04/2017,0.83
30/04/2017,0.83
01/05/2017,0.91
02/05/2017,0.91
03/05/2017,0.91
04/05/2017,0.91
05/05/2017,0.91
06/05/2017,0.91
07/05/2017,0.91
08/05/2017,0.91
09/05/2017,0.91
10/05/2017,0.91
11/05/2017,0.91
12/05/2017,0.91
13/05/2017,0.91
14/05/2017,0.91
15/05/2017,0.91
16/05/2017,0.91
17/05/2017,0.91
18/05/2017,0.91
19/05/2017,0.91
20/05/2017,0.91
21/05/2017,0.91
22/05/2017,0.91
23/05/2017,0.91
24/05/2017,0.91
25/05/2017,0.91
26/05/2017,0.91
27/05/2017,0.91
28/05/2017,0.91
29/05/2017,0.91
30/05/2017,0.91
31/05/2017,0.83
01/06/2017,0.91
02/06/2017,0.91
03/06/2017,0.91
04/06/2017,0.91
05/06/2017,0.91
06/06/2017,0.91
07/06/2017,0.91
08/06/2017,0.91
09/06/2017,0.91
10/06/2017,0.91
11/06/2017,0.91
12/06/2017,0.91
13/06/2017,0.91
14/06/2017,0.91
15/06/2017,1.16
16/06/2017,1.16
17/06/2017,1.16
18/06/2017,1.16
19/06/2017,1.16
20/06/2017,1.16
21/06/2017,1.16
22/06/2017,1.16
23/06/2017,1.16
24/06/2017,1.16
25/06/2017,1.16
26/06/2017,1.16
27/06/2017,1.16
28/06/2017,1.16
29/06/2017,1.16
30/06/2017,1.06
01/07/2017,1.06
02/07/2017,1.06
03/07/2017,1.16
04/07/2017,1.16
05/07/2017,1.16
06/07/2017,1.16
07/07/2017,1.16
08/07/2017,1.16
09/07/2017,1.16
10/07/2017,1.16
11/07/2017,1.16
12/07/2017,1.16
13/07/2017,1.16
14/07/2017,1.16
15/07/2017,1.16
16/07/2017,1.16
17/07/2017,1.16
18/07/2017,1.16
19/07/2017,1.16
20/07/2017,1.16
21/07/2017,1.16
22/07/2017,1.16
23/07/2017,1.16
24/07/2017,1.16
25/07/2017,1.16
26/07/2017,1.16
27/07/2017,1.16
28/07/2017,1.16
29/07/2017,1.16
30/07/2017,1.16
31/07/2017,1.07
01/08/2017,1.16
02/08/2017,1.16
03/08/2017,1.16
04/08/2017,1.16
05/08/2017,1.16
06/08/2017,1.16
07/08/2017,1.16
08/08/2017,1.16
09/08/2017,1.16
10/08/2017,1.16
11/08/2017,1.16
12/08/2017,1.16
13/08/2017,1.16
14/08/2017,1.16
15/08/2017,1.16
16/08/2017,1.16
17/08/2017,1.16
18/08/2017,1.16
19/08/2017,1.16
20/08/2017,1.16
21/08/2017,1.16
22/08/2017,1.16
23/08/2017,1.16
24/08/2017,1.16
25/08/2017,1.16
26/08/2017,1.16
27/08/2017,1.16
28/08/2017,1.16
29/08/2017,1.16
30/08/2017,1.16
31/08/2017,1.07
01/09/2017,1.16
02/09/2017,1.16
03/09/2017,1.16
04/09/2017,1.16
05/09/2017,1.16
06/09/2017,1.16
07/09/2017,1.16
08/09/2017,1.16
09/09/2017,1.16
10/09/2017,1.16
11/09/2017,1.16
12/09/2017,1.16
13/09/2017,1.16
14/09/2017,1.16
15/09/2017,1.16
16/09/2017,1.16
17/09/2017,1.16
18/09/2017,1.16
19/09/2017,1.16
20/09/2017,1.16
21/09/2017,1.16
22/09/2017,1.16
23/09/2017,1.16
24/09/2017,1.16
25/09/2017,1.16
26/09/2017,1.16
27/09/2017,1.16
28/09/2017,1.16
29/09/2017,1.06
30/09/2017,1.06
01/10/2017,1.06
02/10/2017,1.16
03/10/2017,1.16
04/10/2017,1.16
05/10/2017,1.16
06/10/2017,1.16
07/10/2017,1.16
08/10/2017,1.16
09/10/2017,1.16
10/10/2017,1.16
11/10/2017,1.16
12/10/2017,1.16
13/10/2017,1.16
14/10/2017,1.16
15/10/2017,1.16
16/10/2017,1.16
17/10/2017,1.16
18/10/2017,1.16
19/10/2017,1.16
20/10/2017,1.16
21/10/2017,1.16
22/10/2017,1.16
23/10/2017,1.16
24/10/2017,1.16
25/10/2017,1.16
26/10/2017,1.16
27/10/2017,1.16
28/10/2017,1.16
29/10/2017,1.16
30/10/2017,1.16
31/10/2017,1.07
01/11/2017,1.16
02/11/2017,1.16
03/11/2017,1.16
04/11/2017,1.16
05/11/2017,1.16
06/11/2017,1.16
07/11/2017,1.16
08/11/2017,1.16
09/11/2017,1.16
10/11/2017,1.16
11/11/2017,1.16
12/11/2017,1.16
13/11/2017,1.16
14/11/2017,1.16
15/11/2017,1.16
16/11/2017,1.16
17/11/2017,1.16
18/11/2017,1.16
19/11/2017,1.16
20/11/2017,1.16
21/11/2017,1.16
22/11/2017,1.16
23/11/2017,1.16
24/11/2017,1.16
25/11/2017,1.16
26/11/2017,1.16
27/11/2017,1.16
28/11/2017,1.16
29/11/2017,1.16
30/11/2017,1.07
01/12/2017,1.16
02/12/2017,1.16
03/12/2017,1.16
04/12/2017,1.16
05/12/2017,1.16
06/12/2017,1.16
07/12/2017,1.16
08/12/2017,1.16
09/12/2017,1.16
10/12/2017,1.16
11/12/2017,1.16
12/12/2017,1.17
13/12/2017,1.17
14/12/2017,1.41
15/12/2017,1.41
16/12/2017,1.41
17/12/2017,1.41
18/12/2017,1.42
19/12/2017,1.42
20/12/2017,1.42
21/12/2017,1.42
22/12/2017,1.42
23/12/2017,1.42
24/12/2017,1.42
25/12/2017,1.42
26/12/2017,1.42
27/12/2017,1.42
28/12/2017,1.42
29/12/2017,1.33
30/12/2017,1.33
31/12/2017,1.33
01/01/2018,1.33
02/01/2018,1.42
03/01/2018,1.42
04/01/2018,1.42
05/01/2018,1.42
06/01/2018,1.42
07/01/2018,1.42
08/01/2018,1.42
09/01/2018,1.42
10/01/2018,1.42
11/01/2018,1.42
12/01/2018,1.42
13/01/2018,1.42
14/01/2018,1.42
15/01/2018,1.42
16/01/2018,1.42
17/01/2018,1.42
18/01/2018,1.42
19/01/2018,1.42
20/01/2018,1.42
21/01/2018,1.42
22/01/2018,1.42
23/01/2018,1.42
24/01/2018,1.42
25/01/2018,1.42
26/01/2018,1.42
27/01/2018,1.42
28/01/2018,1.42
29/01/2018,1.42
30/01/2018,1.42
31/01/2018,1.34
01/02/2018,1.42
02/02/2018,1.42
03/02/2018,1.42
04/02/2018,1.42
05/02/2018,1.42
06/02/2018,1.42
07/02/2018,1.42
08/02/2018,1.42
09/02/2018,1.42
10/02/2018,1.42
11/02/2018,1.42
12/02/2018,1.42
13/02/2018,1.42
14/02/2018,1.42
15/02/2018,1.42
16/02/2018,1.42
17/02/2018,1.42
18/02/2018,1.42
19/02/2018,1.42
20/02/2018,1.42
21/02/2018,1.42
22/02/2018,1.42
23/02/2018,1.42
24/02/2018,1.42
25/02/2018,1.42
26/02/2018,1.42
27/02/2018,1.42
28/02/2018,1.35
01/03/2018,1.42
02/03/2018,1.42
03/03/2018,1.42
04/03/2018,1.42
05/03/2018,1.42
06/03/2018,1.42
07/03/2018,1.42
08/03/2018,1.42
09/03/2018,1.42
10/03/2018,1.42
11/03/2018,1.42
12/03/2018,1.42
13/03/2018,1.42
14/03/2018,1.42
15/03/2018,1.43
16/03/2018,1.43
17/03/2018,1.43
18/03/2018,1.43
19/03/2018,1.43
20/03/2018,1.44
21/03/2018,1.44
22/03/2018,1.68
23/03/2018,1.68
24/03/2018,1.68
25/03/2018,1.68
26/03/2018,1.68
27/03/2018,1.68
28/03/2018,1.68
29/03/2018,1.68
30/03/2018,1.67
31/03/2018,1.67
01/04/2018,1.67
02/04/2018,1.68
03/04/2018,1.69
04/04/2018,1.69
05/04/2018,1.69
06/04/2018,1.69
07/04/2018,1.69
08/04/2018,1.69
09/04/2018,1.69
10/04/2018,1.69
11/04/2018,1.69
12/04/2018,1.69
13/04/2018,1.69
14/04/2018,1.69
15/04/2018,1.69
16/04/2018,1.69
17/04/2018,1.69
18/04/2018,1.69
19/04/2018,1.69
20/04/2018,1.7
21/04/2018,1.7
22/04/2018,1.7
23/04/2018,1.7
24/04/2018,1.7
25/04/2018,1.7
26/04/2018,1.7
27/04/2018,1.7
28/04/2018,1.7
29/04/2018,1.7
30/04/2018,1.69
01/05/2018,1.7
02/05/2018,1.7
03/05/2018,1.7
04/05/2018,1.7
05/05/2018,1.7
06/05/2018,1.7
07/05/2018,1.7
08/05/2018,1.7
09/05/2018,1.7
10/05/2018,1.7
11/05/2018,1.7
12/05/2018,1.7
13/05/2018,1.7
14/05/2018,1.7
15/05/2018,1.7
16/05/2018,1.7
17/05/2018,1.7
18/05/2018,1.7
19/05/2018,1.7
20/05/2018,1.7
21/05/2018,1.7
22/05/2018,1.7
23/05/2018,1.7
24/05/2018,1.7
25/05/2018,1.7
26/05/2018,1.7
27/05/2018,1.7
28/05/2018,1.7
29/05/2018,1.7
30/05/2018,1.7
31/05/2018,1.7
01/06/2018,1.7
02/06/2018,1.7
03/06/2018,1.7
04/06/2018,1.7
05/06/2018,1.7
06/06/2018,1.7
07/06/2018,1.7
08/06/2018,1.7
09/06/2018,1.7
10/06/2018,1.7
11/06/2018,1.7
12/06/2018,1.7
13/06/2018,1.7
14/06/2018,1.9
15/06/2018,1.9
16/06/2018,1.9
17/06/2018,1.9
18/06/2018,1.9
19/06/2018,1.91
20/06/2018,1.92
21/06/2018,1.92
22/06/2018,1.92
23/06/2018,1.92
24/06/2018,1.92
25/06/2018,1.92
26/06/2018,1.92
27/06/2018,1.91
28/06/2018,1.91
29/06/2018,1.91
30/06/2018,1.91
01/07/2018,1.91
02/07/2018,1.91
03/07/2018,1.91
04/07/2018,1.91
05/07/2018,1.91
06/07/2018,1.91
07/07/2018,1.91
08/07/2018,1.91
09/07/2018,1.91
10/07/2018,1.91
11/07/2018,1.91
12/07/2018,1.91
13/07/2018,1.91
14/07/2018,1.91
15/07/2018,1.91
16/07/2018,1.91
17/07/2018,1.91
18/07/2018,1.91
19/07/2018,1.91
20/07/2018,1.91
21/07/2018,1.91
22/07/2018,1.91
23/07/2018,1.91
24/07/2018,1.91
25/07/2018,1.91
26/07/2018,1.91
27/07/2018,1.91
28/07/2018,1.91
29/07/2018,1.91
30/07/2018,1.91
31/07/2018,1.91
01/08/2018,1.91
02/08/2018,1.91
03/08/2018,1.91
04/08/2018,1.91
05/08/2018,1.91
06/08/2018,1.91
07/08/2018,1.91
08/08/2018,1.91
09/08/2018,1.91
10/08/2018,1.91
11/08/2018,1.91
12/08/2018,1.91
13/08/2018,1.91
14/08/2018,1.91
15/08/2018,1.91
16/08/2018,1.92
17/08/2018,1.92
18/08/2018,1.92
19/08/2018,1.92
20/08/2018,1.92
21/08/2018,1.92
22/08/2018,1.92
23/08/2018,1.92
24/08/2018,1.92
25/08/2018,1.92
26/08/2018,1.92
27/08/2018,1.92
28/08/2018,1.92
29/08/2018,1.92
30/08/2018,1.92
31/08/2018,1.91
01/09/2018,1.91
02/09/2018,1.91
03/09/2018,1.91
04/09/2018,1.92
05/09/2018,1.92
06/09/2018,1.92
07/09/2018,1.92
08/09/2018,1.92
09/09/2018,1.92
10/09/2018,1.92
11/09/2018,1.92
12/09/2018,1.92
13/09/2018,1.92
14/09/2018,1.92
15/09/2018,1.92
16/09/2018,1.92
17/09/2018,1.92
18/09/2018,1.92
19/09/2018,1.92
20/09/2018,1.92
21/09/2018,1.92
22/09/2018,1.92
23/09/2018,1.92
24/09/2018,1.93
25/09/2018,1.93
26/09/2018,1.93
27/09/2018,2.18
28/09/2018,2.18
29/09/2018,2.18
30/09/2018,2.18
01/10/2018,2.18
02/10/2018,2.18
03/10/2018,2.18
04/10/2018,2.18
05/10/2018,2.18
06/10/2018,2.18
07/10/2018,2.18
08/10/2018,2.18
09/10/2018,2.18
10/10/2018,2.18
11/10/2018,2.18
12/10/2018,2.18
13/10/2018,2.18
14/10/2018,2.18
15/10/2018,2.18
16/10/2018,2.18
17/10/2018,2.19
18/10/2018,2.19
19/10/2018,2.19
20/10/2018,2.19
21/10/2018,2.19
22/10/2018,2.19
23/10/2018,2.2
24/10/2018,2.2
25/10/2018,2.2
26/10/2018,2.2
27/10/2018,2.2
28/10/2018,2.2
29/10/2018,2.2
30/10/2018,2.2
31/10/2018,2.2
01/11/2018,2.2
02/11/2018,2.19
03/11/2018,2.19
04/11/2018,2.19
05/11/2018,2.2
06/11/2018,2.2
07/11/2018,2.2
08/11/2018,2.2
09/11/2018,2.19
10/11/2018,2.19
11/11/2018,2.19
12/11/2018,2.19
13/11/2018,2.2
14/11/2018,2.2
15/11/2018,2.2
16/11/2018,2.2
17/11/2018,2.2
18/11/2018,2.2
19/11/2018,2.2
20/11/2018,2.2
21/11/2018,2.2
22/11/2018,2.2
23/11/2018,2.2
24/11/2018,2.2
25/11/2018,2.2
26/11/2018,2.2
27/11/2018,2.2
28/11/2018,2.2
29/11/2018,2.2
30/11/2018,2.2
01/12/2018,2.2
02/12/2018,2.2
03/12/2018,2.19
04/12/2018,2.2
05/12/2018,2.2
06/12/2018,2.2
07/12/2018,2.19
08/12/2018,2.19
09/12/2018,2.19
10/12/2018,2.2
11/12/2018,2.19
12/12/2018,2.19
13/12/2018,2.19
14/12/2018,2.19
15/12/2018,2.19
16/12/2018,2.19
17/12/2018,2.2
18/12/2018,2.2
19/12/2018,2.2
20/12/2018,2.4
21/12/2018,2.4
22/12/2018,2.4
23/12/2018,2.4
24/12/2018,2.4
25/12/2018,2.4
26/12/2018,2.4
27/12/2018,2.4
28/12/2018,2.4
29/12/2018,2.4
30/12/2018,2.4
31/12/2018,2.4
01/01/2019,2.4
02/01/2019,2.4
03/01/2019,2.4
04/01/2019,2.4
05/01/2019,2.4
06/01/2019,2.4
07/01/2019,2.4
08/01/2019,2.4
09/01/2019,2.4
10/01/2019,2.4
11/01/2019,2.4
12/01/2019,2.4
13/01/2019,2.4
14/01/2019,2.4
15/01/2019,2.4
16/01/2019,2.4
17/01/2019,2.4
18/01/2019,2.4
19/01/2019,2.4
20/01/2019,2.4
21/01/2019,2.4
22/01/2019,2.4
23/01/2019,2.4
24/01/2019,2.4
25/01/2019,2.4
26/01/2019,2.4
27/01/2019,2.4
28/01/2019,2.4
29/01/2019,2.4
30/01/2019,2.4
31/01/2019,2.4
01/02/2019,2.4
02/02/2019,2.4
03/02/2019,2.4
04/02/2019,2.4
05/02/2019,2.4
06/02/2019,2.4
07/02/2019,2.4
08/02/2019,2.4
09/02/2019,2.4
10/02/2019,2.4
11/02/2019,2.4
12/02/2019,2.4
13/02/2019,2.4
14/02/2019,2.4
15/02/2019,2.4
16/02/2019,2.4
17/02/2019,2.4
18/02/2019,2.4
19/02/2019,2.4
20/02/2019,2.4
21/02/2019,2.4
22/02/2019,2.4
23/02/2019,2.4
24/02/2019,2.4
25/02/2019,2.4
26/02/2019,2.4
27/02/2019,2.4
28/02/2019,2.4
01/03/2019,2.4
02/03/2019,2.4
03/03/2019,2.4
04/03/2019,2.4
05/03/2019,2.4
06/03/2019,2.4
07/03/2019,2.4
08/03/2019,2.4
09/03/2019,2.4
10/03/2019,2.4
11/03/2019,2.4
12/03/2019,2.4
13/03/2019,2.4
14/03/2019,2.4
15/03/2019,2.4
16/03/2019,2.4
17/03/2019,2.4
18/03/2019,2.4
19/03/2019,2.4
20/03/2019,2.41
21/03/2019,2.41
22/03/2019,2.41
23/03/2019,2.41
24/03/2019,2.41
25/03/2019,2.4
26/03/2019,2.4
27/03/2019,2.41
28/03/2019,2.41
29/03/2019,2.43
30/03/2019,2.43
31/03/2019,2.43
01/04/2019,2.41
02/04/2019,2.41
03/04/2019,2.41
04/04/2019,2.41
05/04/2019,2.41
06/04/2019,2.41
07/04/2019,2.41
08/04/2019,2.41
09/04/2019,2.41
10/04/2019,2.41
11/04/2019,2.41
12/04/2019,2.41
13/04/2019,2.41
14/04/2019,2.41
15/04/2019,2.41
16/04/2019,2.41
17/04/2019,2.42
18/04/2019,2.43
19/04/2019,2.44
20/04/2019,2.44
21/04/2019,2.44
22/04/2019,2.44
23/04/2019,2.44
24/04/2019,2.44
25/04/2019,2.44
26/04/2019,2.44
27/04/2019,2.44
28/04/2019,2.44
29/04/2019,2.45
30/04/2019,2.45
01/05/2019,2.45
02/05/2019,2.41
03/05/2019,2.4
04/05/2019,2.4
05/05/2019,2.4
06/05/2019,2.4
07/05/2019,2.4
08/05/2019,2.39
09/05/2019,2.38
10/05/2019,2.38
11/05/2019,2.38
12/05/2019,2.38
13/05/2019,2.38
14/05/2019,2.38
15/05/2019,2.4
16/05/2019,2.39
17/05/2019,2.39
18/05/2019,2.39
19/05/2019,2.39
20/05/2019,2.39
21/05/2019,2.39
22/05/2019,2.38
23/05/2019,2.38
24/05/2019,2.38
25/05/2019,2.38
26/05/2019,2.38
27/05/2019,2.38
28/05/2019,2.39
29/05/2019,2.39
30/05/2019,2.39
31/05/2019,2.4
01/06/2019,2.4
02/06/2019,2.4
03/06/2019,2.38
04/06/2019,2.38
05/06/2019,2.38
06/06/2019,2.37
07/06/2019,2.37
08/06/2019,2.37
09/06/2019,2.37
10/06/2019,2.37
11/06/2019,2.37
12/06/2019,2.37
13/06/2019,2.37
14/06/2019,2.36
15/06/2019,2.36
16/06/2019,2.36
17/06/2019,2.38
18/06/2019,2.37
19/06/2019,2.37
20/06/2019,2.37
21/06/2019,2.38
22/06/2019,2.38
23/06/2019,2.38
24/06/2019,2.38
25/06/2019,2.38
26/06/2019,2.38
27/06/2019,2.38
28/06/2019,2.4
29/06/2019,2.4
30/06/2019,2.4
01/07/2019,2.39
02/07/2019,2.4
03/07/2019,2.41
04/07/2019,2.41
05/07/2019,2.42
06/07/2019,2.42
07/07/2019,2.42
08/07/2019,2.41
09/07/2019,2.41
10/07/2019,2.41
11/07/2019,2.4
12/07/2019,2.38
13/07/2019,2.38
14/07/2019,2.38
15/07/2019,2.4
16/07/2019,2.41
17/07/2019,2.41
18/07/2019,2.41
19/07/2019,2.41
20/07/2019,2.41
21/07/2019,2.41
22/07/2019,2.4
23/07/2019,2.4
24/07/2019,2.4
25/07/2019,2.4
26/07/2019,2.4
27/07/2019,2.4
28/07/2019,2.4
29/07/2019,2.4
30/07/2019,2.39
31/07/2019,2.4
01/08/2019,2.14
02/08/2019,2.14
03/08/2019,2.14
04/08/2019,2.14
05/08/2019,2.13
06/08/2019,2.13
07/08/2019,2.12
08/08/2019,2.12
09/08/2019,2.12
10/08/2019,2.12
11/08/2019,2.12
12/08/2019,2.12
13/08/2019,2.12
14/08/2019,2.12
15/08/2019,2.13
16/08/2019,2.13
17/08/2019,2.13
18/08/2019,2.13
19/08/2019,2.13
20/08/2019,2.13
21/08/2019,2.12
22/08/2019,2.12
23/08/2019,2.12
24/08/2019,2.12
25/08/2019,2.12
26/08/2019,2.12
27/08/2019,2.12
28/08/2019,2.12
29/08/2019,2.12
30/08/2019,2.13
31/08/2019,2.13
01/09/2019,2.13
02/09/2019,2.13
03/09/2019,2.13
04/09/2019,2.13
05/09/2019,2.13
06/09/2019,2.12
07/09/2019,2.12
08/09/2019,2.12
09/09/2019,2.13
10/09/2019,2.13
11/09/2019,2.13
12/09/2019,2.13
13/09/2019,2.14
14/09/2019,2.14
15/09/2019,2.14
16/09/2019,2.25
17/09/2019,2.3
18/09/2019,2.25
19/09/2019,1.9
20/09/2019,1.9
21/09/2019,1.9
22/09/2019,1.9
23/09/2019,1.9
24/09/2019,1.9
25/09/2019,1.9
26/09/2019,1.85
27/09/2019,1.83
28/09/2019,1.83
29/09/2019,1.83
30/09/2019,1.9
01/10/2019,1.88
02/10/2019,1.85
03/10/2019,1.83
04/10/2019,1.82
05/10/2019,1.82
06/10/2019,1.82
07/10/2019,1.82
08/10/2019,1.82
09/10/2019,1.82
10/10/2019,1.82
11/10/2019,1.82
12/10/2019,1.82
13/10/2019,1.82
14/10/2019,1.82
15/10/2019,1.9
16/10/2019,1.9
17/10/2019,1.85
18/10/2019,1.85
19/10/2019,1.85
20/10/2019,1.85
21/10/2019,1.85
22/10/2019,1.85
23/10/2019,1.85
24/10/2019,1.85
25/10/2019,1.83
26/10/2019,1.83
27/10/2019,1.83
28/10/2019,1.83
29/10/2019,1.82
30/10/2019,1.82
31/10/2019,1.58
01/11/2019,1.57
02/11/2019,1.57
03/11/2019,1.57
04/11/2019,1.56
05/11/2019,1.56
06/11/2019,1.55
07/11/2019,1.55
08/11/2019,1.55
09/11/2019,1.55
10/11/2019,1.55
11/11/2019,1.55
12/11/2019,1.55
13/11/2019,1.55
14/11/2019,1.55
15/11/2019,1.55
16/11/2019,1.55
17/11/2019,1.55
18/11/2019,1.55
19/11/2019,1.55
20/11/2019,1.55
21/11/2019,1.55
22/11/2019,1.55
23/11/2019,1.55
24/11/2019,1.55
25/11/2019,1.55
26/11/2019,1.55
27/11/2019,1.55
28/11/2019,1.55
29/11/2019,1.56
30/11/2019,1.56
01/12/2019,1.56
02/12/2019,1.56
03/12/2019,1.55
04/12/2019,1.55
05/12/2019,1.55
06/12/2019,1.55
07/12/2019,1.55
08/12/2019,1.55
09/12/2019,1.55
10/12/2019,1.55
11/12/2019,1.55
12/12/2019,1.55
13/12/2019,1.55
14/12/2019,1.55
15/12/2019,1.55
16/12/2019,1.56
17/12/2019,1.55
18/12/2019,1.55
19/12/2019,1.55
20/12/2019,1.55
21/12/2019,1.55
22/12/2019,1.55
23/12/2019,1.55
24/12/2019,1.55
25/12/2019,1.55
26/12/2019,1.55
27/12/2019,1.55
28/12/2019,1.55
29/12/2019,1.55
30/12/2019,1.55
31/12/2019,1.55
01/01/2020,1.55
02/01/2020,1.55
03/01/2020,1.55
04/01/2020,1.55
05/01/2020,1.55
06/01/2020,1.55
07/01/2020,1.55
08/01/2020,1.55
09/01/2020,1.55
10/01/2020,1.54
11/01/2020,1.54
12/01/2020,1.54
13/01/2020,1.54
14/01/2020,1.54
15/01/2020,1.54
16/01/2020,1.54
17/01/2020,1.55
18/01/2020,1.55
19/01/2020,1.55
20/01/2020,1.55
21/01/2020,1.55
22/01/2020,1.55
23/01/2020,1.55
24/01/2020,1.55
25/01/2020,1.55
26/01/2020,1.55
27/01/2020,1.55
28/01/2020,1.55
29/01/2020,1.55
30/01/2020,1.6
31/01/2020,1.59
01/02/2020,1.59
02/02/2020,1.59
03/02/2020,1.59
04/02/2020,1.59
05/02/2020,1.59
06/02/2020,1.59
07/02/2020,1.58
08/02/2020,1.58
09/02/2020,1.58
10/02/2020,1.58
11/02/2020,1.58
12/02/2020,1.58
13/02/2020,1.58
14/02/2020,1.58
15/02/2020,1.58
16/02/2020,1.58
17/02/2020,1.58
18/02/2020,1.59
19/02/2020,1.59
20/02/2020,1.59
21/02/2020,1.58
22/02/2020,1.58
23/02/2020,1.58
24/02/2020,1.58
25/02/2020,1.58
26/02/2020,1.58
27/02/2020,1.58
28/02/2020,1.58
29/02/2020,1.58
01/03/2020,1.58
02/03/2020,1.59
03/03/2020,1.59
04/03/2020,1.09
05/03/2020,1.09
06/03/2020,1.09
07/03/2020,1.09
08/03/2020,1.09
09/03/2020,1.09
10/03/2020,1.09
11/03/2020,1.09
12/03/2020,1.1
13/03/2020,1.1
14/03/2020,1.1
15/03/2020,1.1
16/03/2020,0.25
17/03/2020,0.25
18/03/2020,0.25
19/03/2020,0.2
20/03/2020,0.15
21/03/2020,0.15
22/03/2020,0.15
23/03/2020,0.15
24/03/2020,0.12
25/03/2020,0.1
26/03/2020,0.1
27/03/2020,0.1
28/03/2020,0.1
29/03/2020,0.1
30/03/2020,0.09
31/03/2020,0.08
01/04/2020,0.06
02/04/2020,0.05
03/04/2020,0.05
04/04/2020,0.05
05/04/2020,0.05
06/04/2020,0.05
07/04/2020,0.05
08/04/2020,0.05
09/04/2020,0.05
10/04/2020,0.05
11/04/2020,0.05
12/04/2020,0.05
13/04/2020,0.05
14/04/2020,0.05
15/04/2020,0.05
16/04/2020,0.05
17/04/2020,0.05
18/04/2020,0.05
19/04/2020,0.05
20/04/2020,0.05
21/04/2020,0.05
22/04/2020,0.05
23/04/2020,0.04
24/04/2020,0.05
25/04/2020,0.05
26/04/2020,0.05
27/04/2020,0.04
28/04/2020,0.04
29/04/2020,0.04
30/04/2020,0.05
01/05/2020,0.05
02/05/2020,0.05
03/05/2020,0.05
04/05/2020,0.05
05/05/2020,0.05
06/05/2020,0.05
07/05/2020,0.05
08/05/2020,0.05
09/05/2020,0.05
10/05/2020,0.05
11/05/2020,0.05
12/05/2020,0.05
13/05/2020,0.05
14/05/2020,0.05
15/05/2020,0.05
16/05/2020,0.05
17/05/2020,0.05
18/05/2020,0.05
19/05/2020,0.05
20/05/2020,0.05
21/05/2020,0.05
22/05/2020,0.05
23/05/2020,0.05
24/05/2020,0.05
25/05/2020,0.05
26/05/2020,0.05
27/05/2020,0.05
28/05/2020,0.05
29/05/2020,0.05
30/05/2020,0.05
31/05/2020,0.05
01/06/2020,0.05
02/06/2020,0.06
03/06/2020,0.06
04/06/2020,0.06
05/06/2020,0.07
06/06/2020,0.07
07/06/2020,0.07
08/06/2020,0.07
09/06/2020,0.07
10/06/2020,0.08
11/06/2020,0.08
12/06/2020,0.08
13/06/2020,0.08
14/06/2020,0.08
15/06/2020,0.09
16/06/2020,0.09
17/06/2020,0.09
18/06/2020,0.09
19/06/2020,0.09
20/06/2020,0.09
21/06/2020,0.09
22/06/2020,0.08
23/06/2020,0.08
24/06/2020,0.08
25/06/2020,0.08
26/06/2020,0.08
27/06/2020,0.08
28/06/2020,0.08
29/06/2020,0.08
30/06/2020,0.08
01/07/2020,0.08
02/07/2020,0.09
03/07/2020,0.09
04/07/2020,0.09
05/07/2020,0.09
06/07/2020,0.09
07/07/2020,0.09
08/07/2020,0.09
09/07/2020,0.09
10/07/2020,0.09
11/07/2020,0.09
12/07/2020,0.09
13/07/2020,0.09
14/07/2020,0.09
15/07/2020,0.1
16/07/2020,0.1
17/07/2020,0.09
18/07/2020,0.09
19/07/2020,0.09
20/07/2020,0.1
21/07/2020,0.1
22/07/2020,0.09
23/07/2020,0.09
24/07/2020,0.09
25/07/2020,0.09
26/07/2020,0.09
27/07/2020,0.1
28/07/2020,0.1
29/07/2020,0.1
30/07/2020,0.1
31/07/2020,0.1
01/08/2020,0.1
02/08/2020,0.1
03/08/2020,0.1
04/08/2020,0.1
05/08/2020,0.1
06/08/2020,0.1
07/08/2020,0.1
08/08/2020,0.1
09/08/2020,0.1
10/08/2020,0.1
11/08/2020,0.1
12/08/2020,0.1
13/08/2020,0.1
14/08/2020,0.1
15/08/2020,0.1
16/08/2020,0.1
17/08/2020,0.1
18/08/2020,0.09
19/08/2020,0.09
20/08/2020,0.09
21/08/2020,0.09
22/08/2020,0.09
23/08/2020,0.09
24/08/2020,0.09
25/08/2020,0.09
26/08/2020,0.09
27/08/2020,0.08
28/08/2020,0.09
29/08/2020,0.09
30/08/2020,0.09
31/08/2020,0.09
01/09/2020,0.09
02/09/2020,0.09
03/09/2020,0.09
04/09/2020,0.09
05/09/2020,0.09
06/09/2020,0.09
07/09/2020,0.09
08/09/2020,0.09
09/09/2020,0.09
10/09/2020,0.09
11/09/2020,0.09
12/09/2020,0.09
13/09/2020,0.09
14/09/2020,0.09
15/09/2020,0.09
16/09/2020,0.09
17/09/2020,0.09
18/09/2020,0.09
19/09/2020,0.09
20/09/2020,0.09
21/09/2020,0.09
22/09/2020,0.09
23/09/2020,0.09
24/09/2020,0.09
25/09/2020,0.09
26/09/2020,0.09
27/09/2020,0.09
28/09/2020,0.09
29/09/2020,0.09
30/09/2020,0.09
01/10/2020,0.09
02/10/2020,0.09
03/10/2020,0.09
04/10/2020,0.09
05/10/2020,0.09
06/10/2020,0.09
07/10/2020,0.09
08/10/2020,0.09
09/10/2020,0.09
10/10/2020,0.09
11/10/2020,0.09
12/10/2020,0.09
13/10/2020,0.09
14/10/2020,0.09
15/10/2020,0.09
16/10/2020,0.09
17/10/2020,0.09
18/10/2020,0.09
19/10/2020,0.09
20/10/2020,0.09
21/10/2020,0.09
22/10/2020,0.09
23/10/2020,0.09
24/10/2020,0.09
25/10/2020,0.09
26/10/2020,0.09
27/10/2020,0.09
28/10/2020,0.09
29/10/2020,0.09
30/10/2020,0.09
31/10/2020,0.09
01/11/2020,0.09
02/11/2020,0.09
03/11/2020,0.09
04/11/2020,0.09
05/11/2020,0.09
06/11/2020,0.09
07/11/2020,0.09
08/11/2020,0.09
09/11/2020,0.09
10/11/2020,0.09
11/11/2020,0.09
12/11/2020,0.09
13/11/2020,0.09
14/11/2020,0.09
15/11/2020,0.09
16/11/2020,0.09
17/11/2020,0.09
18/11/2020,0.09
19/11/2020,0.08
20/11/2020,0.08
21/11/2020,0.08
22/11/2020,0.08
23/11/2020,0.08
24/11/2020,0.08
25/11/2020,0.08
26/11/2020,0.08
27/11/2020,0.08
28/11/2020,0.08
29/11/2020,0.08
30/11/2020,0.09
01/12/2020,0.09
02/12/2020,0.09
03/12/2020,0.09
04/12/2020,0.09
05/12/2020,0.09
06/12/2020,0.09
07/12/2020,0.09
08/12/2020,0.09
09/12/2020,0.09
10/12/2020,0.09
11/12/2020,0.09
12/12/2020,0.09
13/12/2020,0.09
14/12/2020,0.09
15/12/2020,0.09
16/12/2020,0.09
17/12/2020,0.09
18/12/2020,0.09
19/12/2020,0.09
20/12/2020,0.09
21/12/2020,0.09
22/12/2020,0.09
23/12/2020,0.09
24/12/2020,0.09
25/12/2020,0.09
26/12/2020,0.09
27/12/2020,0.09
28/12/2020,0.09
29/12/2020,0.09
30/12/2020,0.09
31/12/2020,0.09
01/01/2021,0.09
02/01/2021,0.09
03/01/2021,0.09
04/01/2021,0.09
05/01/2021,0.09
06/01/2021,0.09
07/01/2021,0.09
08/01/2021,0.09
09/01/2021,0.09
10/01/2021,0.09
11/01/2021,0.09
12/01/2021,0.09
13/01/2021,0.09
14/01/2021,0.09
15/01/2021,0.09
16/01/2021,0.09
17/01/2021,0.09
18/01/2021,0.09
19/01/2021,0.09
20/01/2021,0.09
21/01/2021,0.08
22/01/2021,0.08
23/01/2021,0.08
24/01/2021,0.08
25/01/2021,0.08
26/01/2021,0.08
27/01/2021,0.08
28/01/2021,0.07
29/01/2021,0.07
30/01/2021,0.07
31/01/2021,0.07
01/02/2021,0.08
02/02/2021,0.08
03/02/2021,0.08
04/02/2021,0.08
05/02/2021,0.08
06/02/2021,0.08
07/02/2021,0.08
08/02/2021,0.07
09/02/2021,0.08
10/02/2021,0.08
11/02/2021,0.08
12/02/2021,0.08
13/02/2021,0.08
14/02/2021,0.08
15/02/2021,0.08
16/02/2021,0.08
17/02/2021,0.08
18/02/2021,0.07
19/02/2021,0.07
20/02/2021,0.07
21/02/2021,0.07
22/02/2021,0.07
23/02/2021,0.07
24/02/2021,0.07
25/02/2021,0.07
26/02/2021,0.07
27/02/2021,0.07
28/02/2021,0.07
01/03/2021,0.07
02/03/2021,0.07
03/03/2021,0.07
04/03/2021,0.07
05/03/2021,0.07
06/03/2021,0.07
07/03/2021,0.07
08/03/2021,0.07
09/03/2021,0.07
10/03/2021,0.07
11/03/2021,0.07
12/03/2021,0.07
13/03/2021,0.07
14/03/2021,0.07
15/03/2021,0.07
16/03/2021,0.07
17/03/2021,0.07
18/03/2021,0.07
19/03/2021,0.07
20/03/2021,0.07
21/03/2021,0.07
22/03/2021,0.07
23/03/2021,0.07
24/03/2021,0.07
25/03/2021,0.07
26/03/2021,0.07
27/03/2021,0.07
28/03/2021,0.07
29/03/2021,0.07
30/03/2021,0.07
31/03/2021,0.06
01/04/2021,0.07
02/04/2021,0.07
03/04/2021,0.07
04/04/2021,0.07
05/04/2021,0.07
06/04/2021,0.07
07/04/2021,0.07
08/04/2021,0.07
09/04/2021,0.07
10/04/2021,0.07
11/04/2021,0.07
12/04/2021,0.07
13/04/2021,0.07
14/04/2021,0.07
15/04/2021,0.07
16/04/2021,0.07
17/04/2021,0.07
18/04/2021,0.07
19/04/2021,0.07
20/04/2021,0.07
21/04/2021,0.07
22/04/2021,0.07
23/04/2021,0.07
24/04/2021,0.07
25/04/2021,0.07
26/04/2021,0.07
27/04/2021,0.07
28/04/2021,0.07
29/04/2021,0.06
30/04/2021,0.05
01/05/2021,0.05
02/05/2021,0.05
03/05/2021,0.06
04/05/2021,0.06
05/05/2021,0.06
06/05/2021,0.06
07/05/2021,0.06
08/05/2021,0.06
09/05/2021,0.06
10/05/2021,0.06
11/05/2021,0.06
12/05/2021,0.06
13/05/2021,0.06
14/05/2021,0.06
15/05/2021,0.06
16/05/2021,0.06
17/05/2021,0.06
18/05/2021,0.06
19/05/2021,0.06
20/05/2021,0.06
21/05/2021,0.06
22/05/2021,0.06
23/05/2021,0.06
24/05/2021,0.06
25/05/2021,0.06
26/05/2021,0.06
27/05/2021,0.06
28/05/2021,0.05
29/05/2021,0.05
30/05/2021,0.05
31/05/2021,0.05
01/06/2021,0.06
02/06/2021,0.06
03/06/2021,0.06
04/06/2021,0.06
05/06/2021,0.06
06/06/2021,0.06
07/06/2021,0.06
08/06/2021,0.06
09/06/2021,0.06
10/06/2021,0.06
11/06/2021,0.06
12/06/2021,0.06
13/06/2021,0.06
14/06/2021,0.06
15/06/2021,0.06
16/06/2021,0.06
17/06/2021,0.1
18/06/2021,0.1
19/06/2021,0.1
20/06/2021,0.1
21/06/2021,0.1
22/06/2021,0.1
23/06/2021,0.1
24/06/2021,0.1
25/06/2021,0.1
26/06/2021,0.1
27/06/2021,0.1
28/06/2021,0.1
29/06/2021,0.1
30/06/2021,0.08
01/07/2021,0.1
02/07/2021,0.1
03/07/2021,0.1
04/07/2021,0.1
05/07/2021,0.1
06/07/2021,0.1
07/07/2021,0.1
08/07/2021,0.1
09/07/2021,0.1
10/07/2021,0.1
11/07/2021,0.1
12/07/2021,0.1
13/07/2021,0.1
14/07/2021,0.1
15/07/2021,0.1
16/07/2021,0.1
17/07/2021,0.1
18/07/2021,0.1
19/07/2021,0.1
20/07/2021,0.1
21/07/2021,0.1
22/07/2021,0.1
23/07/2021,0.1
24/07/2021,0.1
25/07/2021,0.1
26/07/2021,0.1
27/07/2021,0.1
28/07/2021,0.1
29/07/2021,0.1
30/07/2021,0.07
31/07/2021,0.07
01/08/2021,0.07
02/08/2021,0.1
03/08/2021,0.1
04/08/2021,0.1
05/08/2021,0.1
06/08/2021,0.1
07/08/2021,0.1
08/08/2021,0.1
09/08/2021,0.1
10/08/2021,0.1
11/08/2021,0.1
12/08/2021,0.1
13/08/2021,0.1
14/08/2021,0.1
15/08/2021,0.1
16/08/2021,0.1
17/08/2021,0.1
18/08/2021,0.09
19/08/2021,0.09
20/08/2021,0.09
21/08/2021,0.09
22/08/2021,0.09
23/08/2021,0.09
24/08/2021,0.09
25/08/2021,0.09
26/08/2021,0.09
27/08/2021,0.08
28/08/2021,0.08
29/08/2021,0.08
30/08/2021,0.08
31/08/2021,0.06
01/09/2021,0.08
02/09/2021,0.08
03/09/2021,0.08
04/09/2021,0.08
05/09/2021,0.08
06/09/2021,0.08
07/09/2021,0.08
08/09/2021,0.08
09/09/2021,0.08
10/09/2021,0.08
11/09/2021,0.08
12/09/2021,0.08
13/09/2021,0.08
14/09/2021,0.08
15/09/2021,0.08
16/09/2021,0.08
17/09/2021,0.08
18/09/2021,0.08
19/09/2021,0.08
20/09/2021,0.08
21/09/2021,0.08
22/09/2021,0.08
23/09/2021,0.08
24/09/2021,0.08
25/09/2021,0.08
26/09/2021,0.08
27/09/2021,0.08
28/09/2021,0.08
29/09/2021,0.08
30/09/2021,0.06
01/10/2021,0.08
02/10/2021,0.08
03/10/2021,0.08
04/10/2021,0.08
05/10/2021,0.08
06/10/2021,0.08
07/10/2021,0.08
08/10/2021,0.08
09/10/2021,0.08
10/10/2021,0.08
11/10/2021,0.08
12/10/2021,0.08
13/10/2021,0.08
14/10/2021,0.08
15/10/2021,0.08
16/10/2021,0.08
17/10/2021,0.08
18/10/2021,0.08
19/10/2021,0.08
20/10/2021,0.08
21/10/2021,0.08
22/10/2021,0.08
23/10/2021,0.08
24/10/2021,0.08
25/10/2021,0.08
26/10/2021,0.08
27/10/2021,0.08
28/10/2021,0.08
29/10/2021,0.07
30/10/2021,0.07
31/10/2021,0.07
01/11/2021,0.08
02/11/2021,0.08
03/11/2021,0.08
04/11/2021,0.08
05/11/2021,0.08
06/11/2021,0.08
07/11/2021,0.08
08/11/2021,0.08
09/11/2021,0.08
10/11/2021,0.08
11/11/2021,0.08
12/11/2021,0.08
13/11/2021,0.08
14/11/2021,0.08
15/11/2021,0.08
16/11/2021,0.08
17/11/2021,0.08
18/11/2021,0.08
19/11/2021,0.08
20/11/2021,0.08
21/11/2021,0.08
22/11/2021,0.08
23/11/2021,0.08
24/11/2021,0.08
25/11/2021,0.08
26/11/2021,0.08
27/11/2021,0.08
28/11/2021,0.08
29/11/2021,0.08
30/11/2021,0.07
01/12/2021,0.08
02/12/2021,0.08
03/12/2021,0.08
04/12/2021,0.08
05/12/2021,0.08
06/12/2021,0.08
07/12/2021,0.08
08/12/2021,0.08
09/12/2021,0.08
10/12/2021,0.08
11/12/2021,0.08
12/12/2021,0.08
13/12/2021,0.08
14/12/2021,0.08
15/12/2021,0.08
16/12/2021,0.08
17/12/2021,0.08
18/12/2021,0.08
19/12/2021,0.08
20/12/2021,0.08
21/12/2021,0.08
22/12/2021,0.08
23/12/2021,0.08
24/12/2021,0.08
25/12/2021,0.08
26/12/2021,0.08
27/12/2021,0.08
28/12/2021,0.08
29/12/2021,0.08
30/12/2021,0.08
31/12/2021,0.07
01/01/2022,0.07
02/01/2022,0.07
03/01/2022,0.08
04/01/2022,0.08
05/01/2022,0.08
06/01/2022,0.08
07/01/2022,0.08
08/01/2022,0.08
09/01/2022,0.08
10/01/2022,0.08
11/01/2022,0.08
12/01/2022,0.08
13/01/2022,0.08
14/01/2022,0.08
15/01/2022,0.08
16/01/2022,0.08
17/01/2022,0.08
18/01/2022,0.08
19/01/2022,0.08
20/01/2022,0.08
21/01/2022,0.08
22/01/2022,0.08
23/01/2022,0.08
24/01/2022,0.08
25/01/2022,0.08
26/01/2022,0.08
27/01/2022,0.08
28/01/2022,0.08
29/01/2022,0.08
30/01/2022,0.08
31/01/2022,0.08
01/02/2022,0.08
02/02/2022,0.08
03/02/2022,0.08
04/02/2022,0.08
05/02/2022,0.08
06/02/2022,0.08
07/02/2022,0.08
08/02/2022,0.08
09/02/2022,0.08
10/02/2022,0.08
11/02/2022,0.08
12/02/2022,0.08
13/02/2022,0.08
14/02/2022,0.08
15/02/2022,0.08
16/02/2022,0.08
17/02/2022,0.08
18/02/2022,0.08
19/02/2022,0.08
20/02/2022,0.08
21/02/2022,0.08
22/02/2022,0.08
23/02/2022,0.08
24/02/2022,0.08
25/02/2022,0.08
26/02/2022,0.08
27/02/2022,0.08
28/02/2022,0.08
01/03/2022,0.08
02/03/2022,0.08
03/03/2022,0.08
04/03/2022,0.08
05/03/2022,0.08
06/03/2022,0.08
07/03/2022,0.08
08/03/2022,0.08
09/03/2022,0.08
10/03/2022,0.08
11/03/2022,0.08
12/03/2022,0.08
13/03/2022,0.08
14/03/2022,0.08
15/03/2022,0.08
16/03/2022,0.08
17/03/2022,0.33
18/03/2022,0.33
19/03/2022,0.33
20/03/2022,0.33
21/03/2022,0.33
22/03/2022,0.33
23/03/2022,0.33
24/03/2022,0.33
25/03/2022,0.33
26/03/2022,0.33
27/03/2022,0.33
28/03/2022,0.33
29/03/2022,0.33
30/03/2022,0.33
31/03/2022,0.33
01/04/2022,0.33
02/04/2022,0.33
03/04/2022,0.33
04/04/2022,0.33
05/04/2022,0.33
06/04/2022,0.33
07/04/2022,0.33
08/04/2022,0.33
09/04/2022,0.33
10/04/2022,0.33
11/04/2022,0.33
12/04/2022,0.33
13/04/2022,0.33
14/04/2022,0.33
15/04/2022,0.33
16/04/2022,0.33
17/04/2022,0.33
18/04/2022,0.33
19/04/2022,0.33
20/04/2022,0.33
21/04/2022,0.33
22/04/2022,0.33
23/04/2022,0.33
24/04/2022,0.33
25/04/2022,0.33
26/04/2022,0.33
27/04/2022,0.33
28/04/2022,0.33
29/04/2022,0.33
30/04/2022,0.33
01/05/2022,0.33
02/05/2022,0.33
03/05/2022,0.33
04/05/2022,0.33
05/05/2022,0.83
06/05/2022,0.83
07/05/2022,0.83
08/05/2022,0.83
09/05/2022,0.83
10/05/2022,0.83
11/05/2022,0.83
12/05/2022,0.83
13/05/2022,0.83
14/05/2022,0.83
15/05/2022,0.83
16/05/2022,0.83
17/05/2022,0.83
18/05/2022,0.83
19/05/2022,0.83
20/05/2022,0.83
21/05/2022,0.83
22/05/2022,0.83
23/05/2022,0.83
24/05/2022,0.83
25/05/2022,0.83
26/05/2022,0.83
27/05/2022,0.83
28/05/2022,0.83
29/05/2022,0.83
30/05/2022,0.83
31/05/2022,0.83
01/06/2022,0.83
02/06/2022,0.83
03/06/2022,0.83
04/06/2022,0.83
05/06/2022,0.83
06/06/2022,0.83
07/06/2022,0.83
08/06/2022,0.83
09/06/2022,0.83
10/06/2022,0.83
11/06/2022,0.83
12/06/2022,0.83
13/06/2022,0.83
14/06/2022,0.83
15/06/2022,0.83
16/06/2022,1.58
17/06/2022,1.58
18/06/2022,1.58
19/06/2022,1.58
20/06/2022,1.58
21/06/2022,1.58
22/06/2022,1.58
23/06/2022,1.58
24/06/2022,1.58
25/06/2022,1.58
26/06/2022,1.58
27/06/2022,1.58
28/06/2022,1.58
29/06/2022,1.58
30/06/2022,1.58
01/07/2022,1.58
02/07/2022,1.58
03/07/2022,1.58
04/07/2022,1.58
05/07/2022,1.58
06/07/2022,1.58
07/07/2022,1.58
08/07/2022,1.58
09/07/2022,1.58
10/07/2022,1.58
11/07/2022,1.58
12/07/2022,1.58
13/07/2022,1.58
14/07/2022,1.58
15/07/2022,1.58
16/07/2022,1.58
17/07/2022,1.58
18/07/2022,1.58
19/07/2022,1.58
20/07/2022,1.58
21/07/2022,1.58
22/07/2022,1.58
23/07/2022,1.58
24/07/2022,1.58
25/07/2022,1.58
26/07/2022,1.58
27/07/2022,1.58
28/07/2022,2.33
29/07/2022,2.32
30/07/2022,2.32
31/07/2022,2.32
01/08/2022,2.33
02/08/2022,2.33
03/08/2022,2.33
04/08/2022,2.33
05/08/2022,2.33
06/08/2022,2.33
07/08/2022,2.33
08/08/2022,2.33
09/08/2022,2.33
10/08/2022,2.33
11/08/2022,2.33
12/08/2022,2.33
13/08/2022,2.33
14/08/2022,2.33
15/08/2022,2.33
16/08/2022,2.33
17/08/2022,2.33
18/08/2022,2.33
19/08/2022,2.33
20/08/2022,2.33
21/08/2022,2.33
22/08/2022,2.33
23/08/2022,2.33
24/08/2022,2.33
25/08/2022,2.33
26/08/2022,2.33
27/08/2022,2.33
28/08/2022,2.33
29/08/2022,2.33
30/08/2022,2.33
31/08/2022,2.33
01/09/2022,2.33
02/09/2022,2.33
03/09/2022,2.33
04/09/2022,2.33
05/09/2022,2.33
06/09/2022,2.33
07/09/2022,2.33
08/09/2022,2.33
09/09/2022,2.33
10/09/2022,2.33
11/09/2022,2.33
12/09/2022,2.33
13/09/2022,2.33
14/09/2022,2.33
15/09/2022,2.33
16/09/2022,2.33
17/09/2022,2.33
18/09/2022,2.33
19/09/2022,2.33
20/09/2022,2.33
21/09/2022,2.33
22/09/2022,3.08
23/09/2022,3.08
24/09/2022,3.08
25/09/2022,3.08
26/09/2022,3.08
27/09/2022,3.08
28/09/2022,3.08
29/09/2022,3.08
30/09/2022,3.08
01/10/2022,3.08
02/10/2022,3.08
03/10/2022,3.08
04/10/2022,3.08
05/10/2022,3.08
06/10/2022,3.08
07/10/2022,3.08
08/10/2022,3.08
09/10/2022,3.08
10/10/2022,3.08
11/10/2022,3.08
12/10/2022,3.08
13/10/2022,3.08
14/10/2022,3.08
15/10/2022,3.08
16/10/2022,3.08
17/10/2022,3.08
18/10/2022,3.08
19/10/2022,3.08
20/10/2022,3.08
21/10/2022,3.08
22/10/2022,3.08
23/10/2022,3.08
24/10/2022,3.08
25/10/2022,3.08
26/10/2022,3.08
27/10/2022,3.08
28/10/2022,3.08
29/10/2022,3.08
30/10/2022,3.08
31/10/2022,3.08
01/11/2022,3.08
02/11/2022,3.08
03/11/2022,3.83
04/11/2022,3.83
05/11/2022,3.83
06/11/2022,3.83
07/11/2022,3.83
08/11/2022,3.83
09/11/2022,3.83
10/11/2022,3.83
11/11/2022,3.83
12/11/2022,3.83
13/11/2022,3.83
14/11/2022,3.83
15/11/2022,3.83
16/11/2022,3.83
17/11/2022,3.83
18/11/2022,3.83
19/11/2022,3.83
20/11/2022,3.83
21/11/2022,3.83
22/11/2022,3.83
23/11/2022,3.83
24/11/2022,3.83
25/11/2022,3.83
26/11/2022,3.83
27/11/2022,3.83
28/11/2022,3.83
29/11/2022,3.83
30/11/2022,3.83
01/12/2022,3.83
02/12/2022,3.83
03/12/2022,3.83
04/12/2022,3.83
05/12/2022,3.83
06/12/2022,3.83
07/12/2022,3.83
08/12/2022,3.83
09/12/2022,3.83
10/12/2022,3.83
11/12/2022,3.83
12/12/2022,3.83
13/12/2022,3.83
14/12/2022,3.83
15/12/2022,4.33
